shape_id,shape_pt_lat,shape_pt_lon,shape_pt_sequence
SH1,39.746422,-8.804039,1
SH1,39.746612,-8.804314,2
SH1,39.746656,-8.804396,3
SH1,39.746755,-8.804366,4
SH1,39.746856,-8.804338,5
SH1,39.747145,-8.804254,6
SH1,39.748015,-8.804,7
SH1,39.748057,-8.803988,8
SH1,39.748179,-8.803955,9
SH1,39.748281,-8.803948,10
SH1,39.748439,-8.803937,11
SH1,39.748659,-8.803944,12
SH1,39.748712,-8.803943,13
SH1,39.748802,-8.803942,14
SH1,39.749023,-8.803945,15
SH1,39.749085,-8.803943,16
SH1,39.74912,-8.803974,17
SH1,39.749145,-8.804015,18
SH1,39.749157,-8.804044,19
SH1,39.749165,-8.804076,20
SH1,39.749166,-8.804124,21
SH1,39.749162,-8.804171,22
SH1,39.749155,-8.804216,23
SH1,39.749146,-8.804259,24
SH1,39.74921,-8.804429,25
SH1,39.749311,-8.804471,26
SH1,39.749585,-8.804622,27
SH1,39.749653,-8.80467,28
SH1,39.749706,-8.804728,29
SH1,39.749747,-8.804786,30
SH1,39.74979,-8.804873,31
SH1,39.749815,-8.804949,32
SH1,39.749826,-8.805033,33
SH1,39.749833,-8.805111,34
SH1,39.749828,-8.805219,35
SH1,39.749734,-8.805793,36
SH1,39.749712,-8.805927,37
SH1,39.749835,-8.805961,38
SH1,39.749919,-8.805985,39
SH1,39.749906,-8.806067,40
SH1,39.749877,-8.806263,41
SH1,39.749847,-8.806459,42
SH1,39.749827,-8.806591,43
SH1,39.749818,-8.806649,44
SH1,39.750188,-8.806549,45
SH1,39.75016,-8.806368,46
SH1,39.750132,-8.806189,47
SH1,39.750105,-8.806021,48
SH1,39.749906,-8.806067,49
SH1,39.749919,-8.805985,50
SH1,39.749835,-8.805961,51
SH1,39.749712,-8.805927,52
SH1,39.749574,-8.806914,53
SH1,39.749676,-8.807201,54
SH1,39.749707,-8.807289,55
SH1,39.749737,-8.807345,56
SH1,39.749758,-8.807408,57
SH1,39.749973,-8.807591,58
SH1,39.750399,-8.807515,59
SH1,39.750428,-8.807504,60
SH1,39.750827,-8.807359,61
SH1,39.750858,-8.807348,62
SH1,39.75097,-8.807313,63
SH1,39.751041,-8.807295,64
SH1,39.751105,-8.807285,65
SH1,39.751253,-8.807272,66
SH1,39.751368,-8.807198,67
SH1,39.751402,-8.807173,68
SH1,39.75143,-8.807128,69
SH1,39.751449,-8.807112,70
SH1,39.751469,-8.807101,71
SH1,39.75149,-8.807094,72
SH1,39.751513,-8.807094,73
SH1,39.751535,-8.8071,74
SH1,39.751556,-8.807111,75
SH1,39.751572,-8.807125,76
SH1,39.751588,-8.807145,77
SH1,39.751607,-8.807172,78
SH1,39.751628,-8.807212,79
SH1,39.75166,-8.807289,80
SH1,39.751681,-8.807348,81
SH1,39.75181,-8.807416,82
SH1,39.751903,-8.807456,83
SH1,39.751963,-8.807489,84
SH1,39.752042,-8.80754,85
SH1,39.752086,-8.807578,86
SH1,39.752098,-8.807591,87
SH1,39.752122,-8.807615,88
SH1,39.75218,-8.807684,89
SH1,39.752236,-8.807776,90
SH1,39.752283,-8.807872,91
SH1,39.752319,-8.807961,92
SH1,39.752345,-8.808053,93
SH1,39.75236,-8.808126,94
SH1,39.752372,-8.808215,95
SH1,39.752376,-8.808307,96
SH1,39.752377,-8.808411,97
SH1,39.752377,-8.808453,98
SH1,39.752378,-8.808637,99
SH1,39.752379,-8.808774,100
SH1,39.752383,-8.808901,101
SH1,39.752391,-8.808994,102
SH1,39.752407,-8.80908,103
SH1,39.752434,-8.809156,104
SH1,39.752467,-8.809229,105
SH1,39.75251,-8.809297,106
SH1,39.752562,-8.809364,107
SH1,39.752608,-8.809415,108
SH1,39.752664,-8.809461,109
SH1,39.752758,-8.809525,110
SH1,39.75343,-8.810025,111
SH1,39.753524,-8.810107,112
SH1,39.753597,-8.810171,113
SH1,39.753659,-8.810238,114
SH1,39.753714,-8.810305,115
SH1,39.75376,-8.810364,116
SH1,39.753805,-8.810424,117
SH1,39.75388,-8.810533,118
SH1,39.753941,-8.810639,119
SH1,39.753994,-8.810744,120
SH1,39.754038,-8.81085,121
SH1,39.754083,-8.810972,122
SH1,39.754118,-8.811085,123
SH1,39.754149,-8.811205,124
SH1,39.754173,-8.811321,125
SH1,39.754192,-8.811411,126
SH1,39.754207,-8.811502,127
SH1,39.754218,-8.811624,128
SH1,39.754225,-8.811747,129
SH1,39.754227,-8.81186,130
SH1,39.754227,-8.811872,131
SH1,39.754223,-8.81196,132
SH1,39.754214,-8.812059,133
SH1,39.7542,-8.812182,134
SH1,39.754184,-8.812273,135
SH1,39.754167,-8.812358,136
SH1,39.754126,-8.812512,137
SH1,39.754092,-8.81262,138
SH1,39.754053,-8.812728,139
SH1,39.754014,-8.81283,140
SH1,39.753972,-8.812925,141
SH1,39.753917,-8.813029,142
SH1,39.753809,-8.813224,143
SH1,39.75366,-8.81351,144
SH1,39.753649,-8.813556,145
SH1,39.753635,-8.8136,146
SH1,39.753592,-8.813709,147
SH1,39.753536,-8.813831,148
SH1,39.753502,-8.813951,149
SH1,39.753479,-8.814068,150
SH1,39.753501,-8.814139,151
SH1,39.753512,-8.814215,152
SH1,39.753509,-8.814281,153
SH1,39.753506,-8.814337,154
SH1,39.753471,-8.814451,155
SH1,39.75341,-8.814544,156
SH1,39.753331,-8.81461,157
SH1,39.753239,-8.814639,158
SH1,39.753135,-8.814784,159
SH1,39.753066,-8.814885,160
SH1,39.752994,-8.815263,161
SH1,39.752984,-8.815368,162
SH1,39.752988,-8.81557,163
SH1,39.752996,-8.815695,164
SH1,39.753011,-8.815825,165
SH1,39.753051,-8.816014,166
SH1,39.753156,-8.816376,167
SH1,39.753357,-8.816995,168
SH1,39.753556,-8.81762,169
SH1,39.753763,-8.818277,170
SH1,39.753921,-8.818764,171
SH1,39.754105,-8.819326,172
SH1,39.754141,-8.819405,173
SH1,39.754184,-8.819473,174
SH1,39.754201,-8.819496,175
SH1,39.754325,-8.819569,176
SH1,39.754379,-8.819597,177
SH1,39.754402,-8.819598,178
SH1,39.754424,-8.819604,179
SH1,39.754452,-8.819622,180
SH1,39.754475,-8.819648,181
SH1,39.754491,-8.819681,182
SH1,39.7545,-8.819709,183
SH1,39.754503,-8.819738,184
SH1,39.754502,-8.819774,185
SH1,39.7545,-8.819783,186
SH1,39.754494,-8.819808,187
SH1,39.754481,-8.819839,188
SH1,39.754467,-8.819858,189
SH1,39.754451,-8.819875,190
SH1,39.754422,-8.820087,191
SH1,39.754438,-8.820245,192
SH1,39.754458,-8.820342,193
SH1,39.754517,-8.820519,194
SH1,39.754537,-8.82058,195
SH1,39.754591,-8.820741,196
SH1,39.754654,-8.82093,197
SH1,39.754868,-8.821574,198
SH1,39.754878,-8.821609,199
SH1,39.754905,-8.821701,200
SH1,39.755058,-8.822187,201
SH1,39.755103,-8.822333,202
SH1,39.755147,-8.822465,203
SH1,39.755156,-8.822492,204
SH1,39.755369,-8.823159,205
SH1,39.755386,-8.823211,206
SH1,39.755442,-8.823386,207
SH1,39.755495,-8.823551,208
SH1,39.755515,-8.823615,209
SH1,39.755567,-8.823778,210
SH1,39.755606,-8.823899,211
SH1,39.755658,-8.823872,212
SH1,39.756003,-8.823699,213
SH1,39.756397,-8.823517,214
SH1,39.756824,-8.823428,215
SH1,39.756923,-8.823408,216
SH1,39.75694,-8.823404,217
SH1,39.757144,-8.823364,218
SH1,39.757599,-8.823249,219
SH1,39.757961,-8.822935,220
SH1,39.758656,-8.822309,221
SH1,39.758701,-8.822258,222
SH1,39.75873,-8.822213,223
SH1,39.758751,-8.82217,224
SH1,39.758857,-8.821724,225
SH1,39.758886,-8.821602,226
SH1,39.758935,-8.821397,227
SH1,39.759091,-8.82068,228
SH1,39.759112,-8.820616,229
SH1,39.759131,-8.820576,230
SH1,39.759147,-8.820534,231
SH1,39.759295,-8.820654,232
SH1,39.759401,-8.820741,233
SH1,39.759474,-8.820801,234
SH1,39.759649,-8.820957,235
SH1,39.759734,-8.821032,236
SH1,39.759846,-8.821135,237
SH1,39.759963,-8.821236,238
SH1,39.760061,-8.821319,239
SH1,39.76012,-8.821362,240
SH1,39.760168,-8.821397,241
SH1,39.760224,-8.821424,242
SH1,39.760432,-8.821512,243
SH1,39.760508,-8.821543,244
SH1,39.76061,-8.821581,245
SH1,39.7608,-8.821651,246
SH1,39.761128,-8.821771,247
SH1,39.761443,-8.821883,248
SH1,39.761478,-8.821896,249
SH1,39.761577,-8.821931,250
SH1,39.761633,-8.821951,251
SH1,39.761727,-8.821986,252
SH1,39.762037,-8.822115,253
SH1,39.76214,-8.822159,254
SH1,39.762311,-8.822246,255
SH1,39.762359,-8.822269,256
SH1,39.762379,-8.822282,257
SH1,39.762484,-8.82235,258
SH1,39.762698,-8.822514,259
SH1,39.762836,-8.822579,260
SH1,39.763007,-8.822698,261
SH1,39.763017,-8.822705,262
SH1,39.763223,-8.82286,263
SH1,39.763278,-8.822914,264
SH1,39.763389,-8.822974,265
SH1,39.763478,-8.823009,266
SH1,39.763555,-8.823032,267
SH1,39.763801,-8.823079,268
SH1,39.763799,-8.823135,269
SH1,39.763812,-8.823182,270
SH1,39.763841,-8.823229,271
SH1,39.764003,-8.823427,272
SH1,39.764118,-8.823564,273
SH1,39.764223,-8.823664,274
SH1,39.764383,-8.823802,275
SH1,39.764155,-8.824894,276
SH1,39.764109,-8.825114,277
SH1,39.763072,-8.824757,278
SH1,39.762189,-8.824443,279
SH1,39.762104,-8.82442,280
SH1,39.76165,-8.824283,281
SH1,39.761463,-8.824226,282
SH1,39.761238,-8.8241,283
SH1,39.761155,-8.82404,284
SH1,39.761098,-8.823995,285
SH1,39.761058,-8.823963,286
SH1,39.76104,-8.823957,287
SH1,39.760897,-8.823979,288
SH1,39.760874,-8.823994,289
SH1,39.760389,-8.824296,290
SH1,39.760331,-8.824338,291
SH1,39.760226,-8.82443,292
SH1,39.760115,-8.824536,293
SH1,39.75995,-8.824694,294
SH1,39.759875,-8.824763,295
SH1,39.759841,-8.824788,296
SH1,39.759816,-8.824805,297
SH1,39.759783,-8.824826,298
SH1,39.759717,-8.824862,299
SH1,39.759644,-8.824895,300
SH1,39.759481,-8.824964,301
SH1,39.759336,-8.825024,302
SH1,39.759259,-8.825072,303
SH1,39.759205,-8.825114,304
SH1,39.759176,-8.825143,305
SH1,39.759142,-8.825181,306
SH1,39.758993,-8.825371,307
SH1,39.75883,-8.825581,308
SH1,39.758193,-8.826388,309
SH1,39.758123,-8.826468,310
SH1,39.758071,-8.826516,311
SH1,39.758022,-8.826555,312
SH1,39.757485,-8.826931,313
SH1,39.756851,-8.827333,314
SH1,39.756816,-8.827348,315
SH1,39.756709,-8.827363,316
SH1,39.756629,-8.827369,317
SH1,39.756629,-8.827319,318
SH1,39.756628,-8.827257,319
SH1,39.756624,-8.827205,320
SH1,39.756621,-8.827169,321
SH1,39.756617,-8.827138,322
SH1,39.756612,-8.827105,323
SH1,39.756601,-8.827036,324
SH1,39.756536,-8.826786,325
SH1,39.756478,-8.826601,326
SH1,39.756356,-8.826213,327
SH1,39.756295,-8.82602,328
SH1,39.756244,-8.825858,329
SH1,39.756098,-8.825412,330
SH1,39.755978,-8.825046,331
SH1,39.755758,-8.824375,332
SH1,39.755606,-8.823899,333
SH1,39.755567,-8.823778,334
SH1,39.755515,-8.823615,335
SH1,39.755442,-8.823386,336
SH1,39.755386,-8.823211,337
SH1,39.755369,-8.823159,338
SH1,39.755282,-8.822887,339
SH1,39.755156,-8.822492,340
SH1,39.755147,-8.822465,341
SH1,39.755103,-8.822333,342
SH1,39.755058,-8.822187,343
SH1,39.754905,-8.821701,344
SH1,39.754878,-8.821609,345
SH1,39.754868,-8.821574,346
SH1,39.754654,-8.82093,347
SH1,39.754591,-8.820741,348
SH1,39.754571,-8.820681,349
SH1,39.754517,-8.820519,350
SH1,39.754458,-8.820342,351
SH1,39.754438,-8.820245,352
SH1,39.754422,-8.820087,353
SH1,39.754361,-8.819928,354
SH1,39.754349,-8.819892,355
SH1,39.754322,-8.819874,356
SH1,39.754299,-8.819848,357
SH1,39.754285,-8.819824,358
SH1,39.754272,-8.819773,359
SH1,39.754271,-8.819728,360
SH1,39.754201,-8.819496,361
SH1,39.754184,-8.819473,362
SH1,39.754141,-8.819405,363
SH1,39.754105,-8.819326,364
SH1,39.753921,-8.818764,365
SH1,39.753763,-8.818277,366
SH1,39.753556,-8.81762,367
SH1,39.753357,-8.816995,368
SH1,39.753156,-8.816376,369
SH1,39.753051,-8.816014,370
SH1,39.753011,-8.815825,371
SH1,39.752996,-8.815695,372
SH1,39.752988,-8.81557,373
SH1,39.752984,-8.815368,374
SH1,39.752994,-8.815263,375
SH1,39.753066,-8.814885,376
SH1,39.753049,-8.814759,377
SH1,39.753034,-8.814642,378
SH1,39.75302,-8.81455,379
SH1,39.752978,-8.814495,380
SH1,39.752946,-8.814431,381
SH1,39.752801,-8.814403,382
SH1,39.752684,-8.814405,383
SH1,39.751043,-8.814695,384
SH1,39.751026,-8.814701,385
SH1,39.750994,-8.81472,386
SH1,39.750953,-8.814748,387
SH1,39.750883,-8.814804,388
SH1,39.750848,-8.81485,389
SH1,39.750804,-8.81488,390
SH1,39.750755,-8.81489,391
SH1,39.750706,-8.814879,392
SH1,39.750662,-8.814849,393
SH1,39.750628,-8.814802,394
SH1,39.750607,-8.814744,395
SH1,39.7506,-8.81468,396
SH1,39.75061,-8.814617,397
SH1,39.750634,-8.81456,398
SH1,39.750671,-8.814517,399
SH1,39.750718,-8.814357,400
SH1,39.750725,-8.814292,401
SH1,39.75073,-8.81422,402
SH1,39.750758,-8.813063,403
SH1,39.750761,-8.812892,404
SH1,39.750766,-8.812474,405
SH1,39.750769,-8.812274,406
SH1,39.750764,-8.812216,407
SH1,39.750757,-8.812155,408
SH1,39.750743,-8.812099,409
SH1,39.7507,-8.812005,410
SH1,39.750669,-8.811932,411
SH1,39.750642,-8.81192,412
SH1,39.750617,-8.811901,413
SH1,39.750585,-8.811862,414
SH1,39.750564,-8.811813,415
SH1,39.750555,-8.811758,416
SH1,39.750558,-8.811702,417
SH1,39.750564,-8.811679,418
SH1,39.750571,-8.811657,419
SH1,39.750569,-8.811625,420
SH1,39.750565,-8.811579,421
SH1,39.750559,-8.811524,422
SH1,39.75055,-8.811468,423
SH1,39.750526,-8.811384,424
SH1,39.750487,-8.811282,425
SH1,39.750315,-8.810808,426
SH1,39.750264,-8.810669,427
SH1,39.750198,-8.810489,428
SH1,39.749915,-8.809709,429
SH1,39.749754,-8.809269,430
SH1,39.749715,-8.809163,431
SH1,39.749636,-8.808948,432
SH1,39.749524,-8.808636,433
SH1,39.749491,-8.808548,434
SH1,39.749457,-8.808429,435
SH1,39.749419,-8.808337,436
SH1,39.749391,-8.808296,437
SH1,39.749355,-8.808259,438
SH1,39.749319,-8.808239,439
SH1,39.74929,-8.808234,440
SH1,39.749265,-8.808233,441
SH1,39.749236,-8.808246,442
SH1,39.749162,-8.808289,443
SH1,39.749133,-8.808374,444
SH1,39.749034,-8.808642,445
SH1,39.748707,-8.809528,446
SH1,39.748498,-8.810104,447
SH1,39.748376,-8.81044,448
SH1,39.748141,-8.811,449
SH1,39.74785,-8.811601,450
SH1,39.747779,-8.811761,451
SH1,39.747745,-8.811846,452
SH1,39.747722,-8.811902,453
SH1,39.747655,-8.812115,454
SH1,39.747625,-8.812219,455
SH1,39.747599,-8.812324,456
SH1,39.747572,-8.812457,457
SH1,39.747561,-8.812531,458
SH1,39.747554,-8.812596,459
SH1,39.747542,-8.812706,460
SH1,39.747537,-8.812809,461
SH1,39.747534,-8.812911,462
SH1,39.747532,-8.812991,463
SH1,39.747526,-8.813302,464
SH1,39.747519,-8.813635,465
SH1,39.747527,-8.81378,466
SH1,39.747528,-8.813853,467
SH1,39.747522,-8.813934,468
SH1,39.747508,-8.814019,469
SH1,39.747483,-8.814122,470
SH1,39.747452,-8.814229,471
SH1,39.747385,-8.814417,472
SH1,39.747361,-8.814466,473
SH1,39.747313,-8.814557,474
SH1,39.747232,-8.814679,475
SH1,39.747154,-8.814798,476
SH1,39.747048,-8.814949,477
SH1,39.746936,-8.815093,478
SH1,39.746853,-8.815189,479
SH1,39.746739,-8.815339,480
SH1,39.746664,-8.815436,481
SH1,39.746549,-8.815581,482
SH1,39.7465,-8.815632,483
SH1,39.746498,-8.815657,484
SH1,39.746494,-8.815681,485
SH1,39.746482,-8.815715,486
SH1,39.746464,-8.815745,487
SH1,39.746442,-8.815768,488
SH1,39.746416,-8.815785,489
SH1,39.746389,-8.815794,490
SH1,39.746373,-8.815796,491
SH1,39.746358,-8.815795,492
SH1,39.746323,-8.815835,493
SH1,39.746288,-8.815888,494
SH1,39.746262,-8.815934,495
SH1,39.746224,-8.816033,496
SH1,39.746217,-8.816102,497
SH1,39.746209,-8.816288,498
SH1,39.746205,-8.816368,499
SH1,39.746192,-8.816446,500
SH1,39.746177,-8.816519,501
SH1,39.746161,-8.816583,502
SH1,39.746142,-8.816644,503
SH1,39.746133,-8.816669,504
SH1,39.746122,-8.816698,505
SH1,39.745956,-8.817071,506
SH1,39.745922,-8.817167,507
SH1,39.745905,-8.817213,508
SH1,39.745859,-8.817394,509
SH1,39.745831,-8.817535,510
SH1,39.745822,-8.81758,511
SH1,39.745833,-8.817681,512
SH1,39.745837,-8.817717,513
SH1,39.745841,-8.817749,514
SH1,39.745845,-8.817778,515
SH1,39.745852,-8.817812,516
SH1,39.745859,-8.817847,517
SH1,39.74588,-8.817877,518
SH1,39.745892,-8.817916,519
SH1,39.745895,-8.817953,520
SH1,39.745895,-8.817978,521
SH1,39.745892,-8.818005,522
SH1,39.745884,-8.818035,523
SH1,39.745868,-8.818068,524
SH1,39.745844,-8.818094,525
SH1,39.74582,-8.818109,526
SH1,39.745789,-8.81812,527
SH1,39.745749,-8.818122,528
SH1,39.74571,-8.8181,529
SH1,39.745701,-8.81809,530
SH1,39.74568,-8.818067,531
SH1,39.745627,-8.817992,532
SH1,39.745592,-8.817941,533
SH1,39.745549,-8.817886,534
SH1,39.745499,-8.817828,535
SH1,39.745397,-8.817711,536
SH1,39.745326,-8.817648,537
SH1,39.745291,-8.817617,538
SH1,39.745268,-8.817596,539
SH1,39.745228,-8.817567,540
SH1,39.745201,-8.817547,541
SH1,39.745128,-8.817489,542
SH1,39.745108,-8.817473,543
SH1,39.745094,-8.817456,544
SH1,39.745081,-8.817438,545
SH1,39.745073,-8.817414,546
SH1,39.745064,-8.817389,547
SH1,39.745055,-8.817341,548
SH1,39.745049,-8.817277,549
SH1,39.745054,-8.817247,550
SH1,39.745061,-8.817224,551
SH1,39.745041,-8.817134,552
SH1,39.744963,-8.816922,553
SH1,39.744819,-8.816669,554
SH1,39.744746,-8.816496,555
SH1,39.744704,-8.816372,556
SH1,39.744673,-8.816265,557
SH1,39.744639,-8.816129,558
SH1,39.744604,-8.815956,559
SH1,39.744568,-8.81575,560
SH1,39.744555,-8.815537,561
SH1,39.744522,-8.815095,562
SH1,39.744497,-8.814693,563
SH1,39.74446,-8.814223,564
SH1,39.744448,-8.814065,565
SH1,39.744439,-8.81398,566
SH1,39.744427,-8.813899,567
SH1,39.744409,-8.813815,568
SH1,39.744389,-8.81373,569
SH1,39.744368,-8.813649,570
SH1,39.744342,-8.813564,571
SH1,39.744259,-8.813345,572
SH1,39.744235,-8.813288,573
SH1,39.744202,-8.813224,574
SH1,39.744163,-8.813163,575
SH1,39.744134,-8.813119,576
SH1,39.744084,-8.813051,577
SH1,39.744003,-8.812952,578
SH1,39.743885,-8.812822,579
SH1,39.743679,-8.812598,580
SH1,39.743648,-8.812558,581
SH1,39.74362,-8.812506,582
SH1,39.743508,-8.812395,583
SH1,39.743458,-8.812335,584
SH1,39.743414,-8.812271,585
SH1,39.743388,-8.812264,586
SH1,39.743363,-8.812248,587
SH1,39.743343,-8.812226,588
SH1,39.743327,-8.812198,589
SH1,39.743316,-8.812166,590
SH1,39.743312,-8.812132,591
SH1,39.743219,-8.812053,592
SH1,39.743159,-8.812008,593
SH1,39.743098,-8.811959,594
SH1,39.743059,-8.811924,595
SH1,39.743039,-8.811897,596
SH1,39.74298,-8.811814,597
SH1,39.742642,-8.811439,598
SH1,39.74259,-8.811389,599
SH1,39.742527,-8.811325,600
SH1,39.742497,-8.811299,601
SH1,39.742302,-8.811143,602
SH1,39.742168,-8.811063,603
SH1,39.741806,-8.810856,604
SH1,39.741711,-8.810801,605
SH1,39.741518,-8.810709,606
SH1,39.741484,-8.810683,607
SH1,39.74146,-8.810646,608
SH1,39.74144,-8.810603,609
SH1,39.74139,-8.810563,610
SH1,39.741336,-8.810647,611
SH1,39.741317,-8.810676,612
SH1,39.741024,-8.811192,613
SH1,39.740996,-8.811235,614
SH1,39.740982,-8.811257,615
SH1,39.740929,-8.811327,616
SH1,39.740874,-8.811389,617
SH1,39.740755,-8.811507,618
SH1,39.740589,-8.811666,619
SH1,39.740261,-8.811985,620
SH1,39.740226,-8.812086,621
SH1,39.740173,-8.812242,622
SH1,39.740159,-8.812303,623
SH1,39.740168,-8.812336,624
SH1,39.74017,-8.812372,625
SH1,39.740164,-8.812407,626
SH1,39.740149,-8.81244,627
SH1,39.740133,-8.81246,628
SH1,39.740113,-8.812475,629
SH1,39.740083,-8.812485,630
SH1,39.740048,-8.812484,631
SH1,39.740022,-8.812473,632
SH1,39.739999,-8.812455,633
SH1,39.739938,-8.812464,634
SH1,39.739889,-8.812475,635
SH1,39.739842,-8.812485,636
SH1,39.73972,-8.812525,637
SH1,39.739643,-8.812613,638
SH1,39.739598,-8.812674,639
SH1,39.739561,-8.812734,640
SH1,39.739524,-8.812805,641
SH1,39.739469,-8.812931,642
SH1,39.739442,-8.813012,643
SH1,39.739421,-8.813092,644
SH1,39.739394,-8.813205,645
SH1,39.739376,-8.81332,646
SH1,39.73937,-8.813407,647
SH1,39.739363,-8.814608,648
SH1,39.739363,-8.814773,649
SH1,39.739361,-8.815224,650
SH1,39.739361,-8.815336,651
SH1,39.73936,-8.815423,652
SH1,39.73936,-8.815471,653
SH1,39.739422,-8.815471,654
SH1,39.739438,-8.815486,655
SH1,39.739446,-8.815505,656
SH1,39.73945,-8.815536,657
SH1,39.740092,-8.815546,658
SH1,39.74009,-8.815675,659
SH1,39.740084,-8.816148,660
SH1,39.740071,-8.816187,661
SH1,39.740058,-8.816226,662
SH1,39.739992,-8.816155,663
SH1,39.73996,-8.816126,664
SH1,39.739933,-8.81611,665
SH1,39.739899,-8.8161,666
SH1,39.739501,-8.816088,667
SH1,39.739438,-8.816086,668
SH1,39.739357,-8.816084,669
SH1,39.739357,-8.816288,670
SH1,39.739357,-8.816524,671
SH1,39.739357,-8.816921,672
SH1,39.739357,-8.817035,673
SH1,39.739357,-8.817396,674
SH1,39.739358,-8.81759,675
SH1,39.739357,-8.817745,676
SH1,39.739401,-8.817843,677
SH1,39.739421,-8.817952,678
SH1,39.739416,-8.818065,679
SH1,39.739409,-8.818087,680
SH1,39.739385,-8.818171,681
SH1,39.739338,-8.818254,682
SH1,39.739274,-8.818318,683
SH1,39.7392,-8.818357,684
SH1,39.73912,-8.818369,685
SH1,39.739086,-8.818365,686
SH1,39.73903,-8.818409,687
SH1,39.738965,-8.818464,688
SH1,39.738876,-8.818554,689
SH1,39.738814,-8.818637,690
SH1,39.738768,-8.818709,691
SH1,39.738721,-8.8188,692
SH1,39.73865,-8.818978,693
SH1,39.738562,-8.819235,694
SH1,39.738462,-8.819518,695
SH1,39.738367,-8.819767,696
SH1,39.738176,-8.820193,697
SH1,39.73809,-8.820366,698
SH1,39.738008,-8.820538,699
SH1,39.73794,-8.820671,700
SH1,39.737876,-8.820782,701
SH1,39.737829,-8.820855,702
SH1,39.737743,-8.820968,703
SH1,39.737555,-8.821187,704
SH1,39.737056,-8.821779,705
SH1,39.736157,-8.822764,706
SH1,39.736065,-8.822862,707
SH1,39.735975,-8.822955,708
SH1,39.735779,-8.823133,709
SH1,39.735675,-8.823218,710
SH1,39.735552,-8.823314,711
SH1,39.735352,-8.823461,712
SH1,39.735205,-8.823558,713
SH1,39.73514,-8.823596,714
SH1,39.735001,-8.823665,715
SH1,39.734967,-8.823691,716
SH1,39.734919,-8.823729,717
SH1,39.734878,-8.823761,718
SH1,39.734829,-8.823807,719
SH1,39.734825,-8.82385,720
SH1,39.734815,-8.823891,721
SH1,39.734799,-8.823929,722
SH1,39.734779,-8.823961,723
SH1,39.734755,-8.823987,724
SH1,39.734728,-8.824008,725
SH1,39.734698,-8.824022,726
SH1,39.734667,-8.824028,727
SH1,39.734635,-8.824028,728
SH1,39.734579,-8.824007,729
SH1,39.734531,-8.823963,730
SH1,39.734497,-8.8239,731
SH1,39.73448,-8.823827,732
SH1,39.734483,-8.823751,733
SH1,39.734366,-8.823557,734
SH1,39.734313,-8.823498,735
SH1,39.734265,-8.82345,736
SH1,39.734212,-8.823406,737
SH1,39.734114,-8.823339,738
SH1,39.733912,-8.823228,739
SH1,39.733812,-8.823174,740
SH1,39.73376,-8.823149,741
SH1,39.733036,-8.822794,742
SH1,39.73297,-8.822755,743
SH1,39.732917,-8.822717,744
SH1,39.732871,-8.822675,745
SH1,39.732827,-8.822621,746
SH1,39.732692,-8.822428,747
SH1,39.73266,-8.822385,748
SH1,39.732624,-8.822348,749
SH1,39.732545,-8.822291,750
SH1,39.732504,-8.822291,751
SH1,39.732466,-8.822274,752
SH1,39.732433,-8.822244,753
SH1,39.732406,-8.822196,754
SH1,39.732394,-8.82214,755
SH1,39.732397,-8.822081,756
SH1,39.73241,-8.822037,757
SH1,39.732431,-8.821999,758
SH1,39.73246,-8.821971,759
SH1,39.732558,-8.821782,760
SH1,39.732587,-8.821722,761
SH1,39.732673,-8.821588,762
SH1,39.732652,-8.821505,763
SH1,39.732644,-8.82145,764
SH1,39.732638,-8.821318,765
SH1,39.732648,-8.821046,766
SH1,39.732654,-8.821004,767
SH1,39.73268,-8.820933,768
SH1,39.7327,-8.820899,769
SH1,39.732791,-8.820748,770
SH1,39.732811,-8.82073,771
SH1,39.732836,-8.820721,772
SH1,39.732858,-8.820731,773
SH1,39.733138,-8.821008,774
SH1,39.733217,-8.821086,775
SH1,39.733332,-8.821199,776
SH1,39.733356,-8.821224,777
SH1,39.733457,-8.82133,778
SH1,39.733956,-8.821845,779
SH1,39.734064,-8.821957,780
SH1,39.734075,-8.822089,781
SH1,39.734138,-8.822877,782
SH1,39.734146,-8.822977,783
SH1,39.734149,-8.823009,784
SH1,39.734186,-8.823236,785
SH1,39.734202,-8.823299,786
SH1,39.734304,-8.82338,787
SH1,39.734409,-8.823459,788
SH1,39.734481,-8.823515,789
SH1,39.734533,-8.823547,790
SH1,39.734611,-8.82358,791
SH1,39.73465,-8.823573,792
SH1,39.734689,-8.823578,793
SH1,39.734726,-8.823593,794
SH1,39.734819,-8.823582,795
SH1,39.734874,-8.823572,796
SH1,39.734921,-8.823559,797
SH1,39.734985,-8.823531,798
SH1,39.735031,-8.823503,799
SH1,39.73516,-8.8234,800
SH1,39.735238,-8.823322,801
SH1,39.735263,-8.823295,802
SH1,39.7353,-8.823256,803
SH1,39.735475,-8.823042,804
SH1,39.735837,-8.822614,805
SH1,39.735945,-8.822492,806
SH1,39.736005,-8.822438,807
SH1,39.736056,-8.822396,808
SH1,39.736102,-8.822325,809
SH1,39.736131,-8.822289,810
SH1,39.736206,-8.822213,811
SH1,39.736442,-8.822008,812
SH1,39.736789,-8.821683,813
SH1,39.737089,-8.821401,814
SH1,39.737232,-8.821266,815
SH1,39.73745,-8.821073,816
SH1,39.737556,-8.820967,817
SH1,39.737646,-8.820866,818
SH1,39.737738,-8.820749,819
SH1,39.737823,-8.820634,820
SH1,39.737873,-8.820562,821
SH1,39.737904,-8.820517,822
SH1,39.738007,-8.820338,823
SH1,39.738112,-8.820135,824
SH1,39.738311,-8.819704,825
SH1,39.7384,-8.819475,826
SH1,39.738495,-8.819192,827
SH1,39.738634,-8.818786,828
SH1,39.73876,-8.818496,829
SH1,39.738807,-8.81837,830
SH1,39.738836,-8.818269,831
SH1,39.738852,-8.818123,832
SH1,39.738833,-8.818017,833
SH1,39.738838,-8.817909,834
SH1,39.738866,-8.817807,835
SH1,39.738915,-8.81772,836
SH1,39.738946,-8.817641,837
SH1,39.738971,-8.817553,838
SH1,39.738977,-8.817467,839
SH1,39.73898,-8.817353,840
SH1,39.738984,-8.816585,841
SH1,39.738984,-8.81645,842
SH1,39.738978,-8.816302,843
SH1,39.738966,-8.816152,844
SH1,39.738949,-8.816022,845
SH1,39.738936,-8.815932,846
SH1,39.738901,-8.81576,847
SH1,39.738858,-8.815616,848
SH1,39.738821,-8.8155,849
SH1,39.738753,-8.815337,850
SH1,39.738676,-8.81519,851
SH1,39.738588,-8.815046,852
SH1,39.73852,-8.814948,853
SH1,39.738432,-8.814828,854
SH1,39.736429,-8.812071,855
SH1,39.735553,-8.810846,856
SH1,39.735426,-8.810726,857
SH1,39.735308,-8.810573,858
SH1,39.734306,-8.809162,859
SH1,39.734249,-8.809097,860
SH1,39.734196,-8.809045,861
SH1,39.734122,-8.808975,862
SH1,39.734067,-8.808928,863
SH1,39.734032,-8.80892,864
SH1,39.733902,-8.808812,865
SH1,39.733866,-8.808779,866
SH1,39.733763,-8.80879,867
SH1,39.73371,-8.808798,868
SH1,39.733656,-8.80881,869
SH1,39.733276,-8.80936,870
SH1,39.733227,-8.80942,871
SH1,39.733192,-8.809453,872
SH1,39.733161,-8.809477,873
SH1,39.733103,-8.809515,874
SH1,39.733026,-8.809556,875
SH1,39.732928,-8.8096,876
SH1,39.732426,-8.8098,877
SH1,39.732273,-8.809861,878
SH1,39.732044,-8.809941,879
SH1,39.731952,-8.809967,880
SH1,39.731869,-8.809974,881
SH1,39.731589,-8.809983,882
SH1,39.731118,-8.809973,883
SH1,39.730978,-8.80997,884
SH1,39.730821,-8.809966,885
SH1,39.730245,-8.809974,886
SH1,39.73019,-8.809987,887
SH1,39.730152,-8.810008,888
SH1,39.730115,-8.810038,889
SH1,39.72995,-8.810223,890
SH1,39.729884,-8.810295,891
SH1,39.729682,-8.810512,892
SH1,39.729586,-8.810615,893
SH1,39.729452,-8.81076,894
SH1,39.729252,-8.810979,895
SH1,39.729167,-8.811073,896
SH1,39.729046,-8.81119,897
SH1,39.729002,-8.811233,898
SH1,39.728946,-8.811282,899
SH1,39.728886,-8.811326,900
SH1,39.72884,-8.811348,901
SH1,39.72848,-8.811457,902
SH1,39.728139,-8.811561,903
SH1,39.728065,-8.811586,904
SH1,39.727702,-8.811729,905
SH1,39.727592,-8.811782,906
SH1,39.727467,-8.811854,907
SH1,39.727421,-8.811882,908
SH1,39.727361,-8.811924,909
SH1,39.727246,-8.811999,910
SH1,39.726995,-8.812174,911
SH1,39.726944,-8.812214,912
SH1,39.726886,-8.812263,913
SH1,39.72683,-8.812311,914
SH1,39.726775,-8.812361,915
SH1,39.726499,-8.812648,916
SH1,39.726435,-8.812706,917
SH1,39.726323,-8.812796,918
SH1,39.726249,-8.81285,919
SH1,39.726143,-8.81294,920
SH1,39.726108,-8.812971,921
SH1,39.726098,-8.813011,922
SH1,39.72608,-8.813045,923
SH1,39.726055,-8.813073,924
SH1,39.726026,-8.81309,925
SH1,39.725994,-8.813096,926
SH1,39.725955,-8.813087,927
SH1,39.725921,-8.813062,928
SH1,39.725896,-8.813027,929
SH1,39.725882,-8.812983,930
SH1,39.725878,-8.812936,931
SH1,39.725886,-8.812889,932
SH1,39.725905,-8.812848,933
SH1,39.725933,-8.812817,934
SH1,39.725967,-8.812799,935
SH1,39.726003,-8.812795,936
SH1,39.726039,-8.812806,937
SH1,39.72607,-8.812832,938
SH1,39.726249,-8.81285,939
SH1,39.726323,-8.812796,940
SH1,39.726435,-8.812706,941
SH1,39.726499,-8.812648,942
SH1,39.726775,-8.812361,943
SH1,39.72683,-8.812311,944
SH1,39.726886,-8.812263,945
SH1,39.726944,-8.812214,946
SH1,39.726995,-8.812174,947
SH1,39.727035,-8.812146,948
SH1,39.727246,-8.811999,949
SH1,39.727361,-8.811924,950
SH1,39.727421,-8.811882,951
SH1,39.727467,-8.811854,952
SH1,39.727592,-8.811782,953
SH1,39.727702,-8.811729,954
SH1,39.728065,-8.811586,955
SH1,39.728139,-8.811561,956
SH1,39.72848,-8.811457,957
SH1,39.72884,-8.811348,958
SH1,39.728886,-8.811326,959
SH1,39.728946,-8.811282,960
SH1,39.729002,-8.811233,961
SH1,39.729046,-8.81119,962
SH1,39.729167,-8.811073,963
SH1,39.729252,-8.810979,964
SH1,39.729452,-8.81076,965
SH1,39.729586,-8.810615,966
SH1,39.729682,-8.810512,967
SH1,39.729884,-8.810295,968
SH1,39.72995,-8.810223,969
SH1,39.730003,-8.810163,970
SH1,39.730115,-8.810038,971
SH1,39.730152,-8.810008,972
SH1,39.73019,-8.809987,973
SH1,39.730245,-8.809974,974
SH1,39.730821,-8.809966,975
SH1,39.730978,-8.80997,976
SH1,39.731118,-8.809973,977
SH1,39.731589,-8.809983,978
SH1,39.731869,-8.809974,979
SH1,39.731952,-8.809967,980
SH1,39.732044,-8.809941,981
SH1,39.732273,-8.809861,982
SH1,39.732426,-8.8098,983
SH1,39.732884,-8.809618,984
SH1,39.732928,-8.8096,985
SH1,39.733026,-8.809556,986
SH1,39.733103,-8.809515,987
SH1,39.733161,-8.809477,988
SH1,39.733192,-8.809453,989
SH1,39.733227,-8.80942,990
SH1,39.733276,-8.80936,991
SH1,39.733656,-8.80881,992
SH1,39.733698,-8.808745,993
SH1,39.733719,-8.80871,994
SH1,39.73375,-8.808667,995
SH1,39.733794,-8.808632,996
SH1,39.733789,-8.808595,997
SH1,39.733791,-8.80857,998
SH1,39.733806,-8.808507,999
SH1,39.733824,-8.808463,1000
SH1,39.733854,-8.80841,1001
SH1,39.733886,-8.808393,1002
SH1,39.733919,-8.80838,1003
SH1,39.733958,-8.808372,1004
SH1,39.734023,-8.808378,1005
SH1,39.734109,-8.808426,1006
SH1,39.734161,-8.808465,1007
SH1,39.734199,-8.80851,1008
SH1,39.734234,-8.808562,1009
SH1,39.73426,-8.808634,1010
SH1,39.734269,-8.808682,1011
SH1,39.734326,-8.80873,1012
SH1,39.734373,-8.808767,1013
SH1,39.7344,-8.808779,1014
SH1,39.734464,-8.808796,1015
SH1,39.734518,-8.80879,1016
SH1,39.73457,-8.808774,1017
SH1,39.734625,-8.808767,1018
SH1,39.73468,-8.808777,1019
SH1,39.734733,-8.808806,1020
SH1,39.734766,-8.808838,1021
SH1,39.734797,-8.808894,1022
SH1,39.734813,-8.808959,1023
SH1,39.734819,-8.809038,1024
SH1,39.734816,-8.8091,1025
SH1,39.734807,-8.809173,1026
SH1,39.7348,-8.809232,1027
SH1,39.734799,-8.809295,1028
SH1,39.734809,-8.809362,1029
SH1,39.734829,-8.809435,1030
SH1,39.734852,-8.809494,1031
SH1,39.734884,-8.809557,1032
SH1,39.735382,-8.810334,1033
SH1,39.735448,-8.810517,1034
SH1,39.735612,-8.810749,1035
SH1,39.73573,-8.810917,1036
SH1,39.736081,-8.811388,1037
SH1,39.736145,-8.811429,1038
SH1,39.736185,-8.811451,1039
SH1,39.73622,-8.81147,1040
SH1,39.736245,-8.811478,1041
SH1,39.736275,-8.811486,1042
SH1,39.736315,-8.811483,1043
SH1,39.736354,-8.811471,1044
SH1,39.736435,-8.811424,1045
SH1,39.736621,-8.811189,1046
SH1,39.736731,-8.81105,1047
SH1,39.736916,-8.810817,1048
SH1,39.73708,-8.81061,1049
SH1,39.737255,-8.810389,1050
SH1,39.737294,-8.81034,1051
SH1,39.737361,-8.810278,1052
SH1,39.737396,-8.810252,1053
SH1,39.73744,-8.810233,1054
SH1,39.737746,-8.8102,1055
SH1,39.737835,-8.810181,1056
SH1,39.737862,-8.810175,1057
SH1,39.737902,-8.810159,1058
SH1,39.737942,-8.810133,1059
SH1,39.737975,-8.810102,1060
SH1,39.737996,-8.810069,1061
SH1,39.738021,-8.810012,1062
SH1,39.738041,-8.809944,1063
SH1,39.738056,-8.809718,1064
SH1,39.738058,-8.809685,1065
SH1,39.738064,-8.809659,1066
SH1,39.738073,-8.809643,1067
SH1,39.738083,-8.809631,1068
SH1,39.738102,-8.809619,1069
SH1,39.738124,-8.809613,1070
SH1,39.738595,-8.809687,1071
SH1,39.738629,-8.80969,1072
SH1,39.738652,-8.809683,1073
SH1,39.738664,-8.809659,1074
SH1,39.738735,-8.809028,1075
SH1,39.738744,-8.80895,1076
SH1,39.738937,-8.808986,1077
SH1,39.738984,-8.808997,1078
SH1,39.739109,-8.809024,1079
SH1,39.739173,-8.809037,1080
SH1,39.739242,-8.809052,1081
SH1,39.739373,-8.808986,1082
SH1,39.739408,-8.808969,1083
SH1,39.739419,-8.808947,1084
SH1,39.739435,-8.808929,1085
SH1,39.739453,-8.808917,1086
SH1,39.739474,-8.808855,1087
SH1,39.73949,-8.80879,1088
SH1,39.739508,-8.808687,1089
SH1,39.739549,-8.80809,1090
SH1,39.739555,-8.808018,1091
SH1,39.739614,-8.807197,1092
SH1,39.739687,-8.806193,1093
SH1,39.739689,-8.806166,1094
SH1,39.7397,-8.80601,1095
SH1,39.739702,-8.805983,1096
SH1,39.739725,-8.805662,1097
SH1,39.739743,-8.80542,1098
SH1,39.739754,-8.805266,1099
SH1,39.739764,-8.805178,1100
SH1,39.739789,-8.805016,1101
SH1,39.739831,-8.804812,1102
SH1,39.739847,-8.804762,1103
SH1,39.739915,-8.804624,1104
SH1,39.739824,-8.804576,1105
SH1,39.739744,-8.804524,1106
SH1,39.739442,-8.804338,1107
SH1,39.739243,-8.804187,1108
SH1,39.739162,-8.80411,1109
SH1,39.739131,-8.804063,1110
SH1,39.739062,-8.803959,1111
SH1,39.738886,-8.803639,1112
SH1,39.738487,-8.803005,1113
SH1,39.738098,-8.802397,1114
SH1,39.738021,-8.802276,1115
SH1,39.737472,-8.801482,1116
SH1,39.737292,-8.801221,1117
SH1,39.737121,-8.800983,1118
SH1,39.737041,-8.800888,1119
SH1,39.736969,-8.800803,1120
SH1,39.73681,-8.800614,1121
SH1,39.736359,-8.800228,1122
SH1,39.736257,-8.800159,1123
SH1,39.736182,-8.800127,1124
SH1,39.73613,-8.799912,1125
SH1,39.736115,-8.799793,1126
SH1,39.736088,-8.79948,1127
SH1,39.736075,-8.799392,1128
SH1,39.736058,-8.799326,1129
SH1,39.736035,-8.799284,1130
SH1,39.735963,-8.799223,1131
SH1,39.735888,-8.79922,1132
SH1,39.735803,-8.799227,1133
SH1,39.735749,-8.799246,1134
SH1,39.735681,-8.799279,1135
SH1,39.735593,-8.799336,1136
SH1,39.735568,-8.799386,1137
SH1,39.735549,-8.799413,1138
SH1,39.735517,-8.799447,1139
SH1,39.735479,-8.799471,1140
SH1,39.735416,-8.799489,1141
SH1,39.735352,-8.799483,1142
SH1,39.735292,-8.799452,1143
SH1,39.73525,-8.799411,1144
SH1,39.735211,-8.799352,1145
SH1,39.735203,-8.79932,1146
SH1,39.735137,-8.799288,1147
SH1,39.735084,-8.799269,1148
SH1,39.735008,-8.799257,1149
SH1,39.734152,-8.799282,1150
SH1,39.733965,-8.799288,1151
SH1,39.733871,-8.799284,1152
SH1,39.73377,-8.79928,1153
SH1,39.73367,-8.799266,1154
SH1,39.733597,-8.799251,1155
SH1,39.733502,-8.799234,1156
SH1,39.733388,-8.799169,1157
SH1,39.733366,-8.799142,1158
SH1,39.733352,-8.799115,1159
SH1,39.733323,-8.799035,1160
SH1,39.73331,-8.79899,1161
SH1,39.733299,-8.798941,1162
SH1,39.733317,-8.798825,1163
SH1,39.733306,-8.798283,1164
SH1,39.733297,-8.797862,1165
SH1,39.733291,-8.797526,1166
SH1,39.733289,-8.79746,1167
SH1,39.733285,-8.797226,1168
SH1,39.733171,-8.796928,1169
SH1,39.733158,-8.7969,1170
SH1,39.732703,-8.795701,1171
SH1,39.732671,-8.795638,1172
SH1,39.732646,-8.795589,1173
SH1,39.73261,-8.795532,1174
SH1,39.732471,-8.795362,1175
SH1,39.732426,-8.795319,1176
SH1,39.732346,-8.795241,1177
SH1,39.732244,-8.79514,1178
SH1,39.73201,-8.794908,1179
SH1,39.731803,-8.794704,1180
SH1,39.731742,-8.79465,1181
SH1,39.73166,-8.794592,1182
SH1,39.731576,-8.794533,1183
SH1,39.731427,-8.794445,1184
SH1,39.731223,-8.794337,1185
SH1,39.731247,-8.794266,1186
SH1,39.731589,-8.793238,1187
SH1,39.732154,-8.791537,1188
SH1,39.732174,-8.791487,1189
SH1,39.732184,-8.791462,1190
SH1,39.732202,-8.79143,1191
SH1,39.732259,-8.791541,1192
SH1,39.732352,-8.791641,1193
SH1,39.732587,-8.791882,1194
SH1,39.732626,-8.791917,1195
SH1,39.732687,-8.791945,1196
SH1,39.732874,-8.791979,1197
SH1,39.733053,-8.792,1198
SH1,39.733107,-8.792001,1199
SH1,39.73316,-8.791976,1200
SH1,39.733329,-8.791806,1201
SH1,39.733383,-8.791777,1202
SH1,39.733454,-8.791771,1203
SH1,39.733533,-8.79178,1204
SH1,39.733621,-8.791801,1205
SH1,39.733766,-8.791842,1206
SH1,39.733823,-8.79186,1207
SH1,39.733873,-8.791892,1208
SH1,39.7339,-8.791919,1209
SH1,39.733922,-8.791952,1210
SH1,39.733957,-8.792032,1211
SH1,39.733958,-8.792134,1212
SH1,39.733961,-8.792405,1213
SH1,39.733965,-8.792588,1214
SH1,39.733967,-8.792792,1215
SH1,39.733958,-8.793078,1216
SH1,39.73419,-8.793146,1217
SH1,39.734618,-8.793296,1218
SH1,39.734756,-8.792422,1219
SH1,39.735182,-8.792616,1220
SH1,39.73534,-8.792688,1221
SH1,39.735991,-8.792983,1222
SH1,39.735844,-8.793791,1223
SH1,39.73607,-8.793864,1224
SH1,39.736099,-8.793873,1225
SH1,39.736409,-8.793968,1226
SH1,39.736468,-8.793995,1227
SH1,39.736578,-8.793993,1228
SH1,39.736632,-8.793992,1229
SH1,39.736665,-8.793955,1230
SH1,39.736708,-8.793936,1231
SH1,39.73676,-8.793935,1232
SH1,39.73681,-8.793949,1233
SH1,39.736837,-8.793965,1234
SH1,39.736924,-8.793959,1235
SH1,39.737024,-8.793927,1236
SH1,39.737147,-8.793871,1237
SH1,39.737329,-8.793786,1238
SH1,39.737526,-8.793691,1239
SH1,39.737674,-8.793629,1240
SH1,39.737902,-8.793565,1241
SH1,39.738138,-8.793522,1242
SH1,39.739337,-8.793317,1243
SH1,39.739822,-8.793234,1244
SH1,39.740546,-8.793104,1245
SH1,39.740769,-8.793071,1246
SH1,39.74083,-8.793053,1247
SH1,39.740859,-8.79304,1248
SH1,39.740887,-8.793024,1249
SH1,39.740943,-8.79297,1250
SH1,39.741019,-8.792852,1251
SH1,39.741072,-8.792755,1252
SH1,39.741144,-8.792681,1253
SH1,39.74123,-8.792639,1254
SH1,39.741321,-8.79263,1255
SH1,39.741376,-8.792641,1256
SH1,39.741429,-8.792665,1257
SH1,39.741501,-8.792724,1258
SH1,39.741559,-8.792807,1259
SH1,39.74158,-8.792862,1260
SH1,39.741597,-8.792907,1261
SH1,39.741611,-8.792986,1262
SH1,39.741613,-8.793066,1263
SH1,39.74178,-8.793328,1264
SH1,39.742022,-8.793469,1265
SH1,39.742188,-8.79354,1266
SH1,39.74236,-8.793582,1267
SH1,39.742549,-8.793551,1268
SH1,39.742722,-8.793525,1269
SH1,39.742767,-8.793512,1270
SH1,39.742802,-8.793499,1271
SH1,39.742833,-8.79348,1272
SH1,39.742865,-8.793449,1273
SH1,39.742894,-8.79341,1274
SH1,39.742914,-8.793373,1275
SH1,39.742938,-8.793327,1276
SH1,39.742959,-8.793268,1277
SH1,39.743,-8.793124,1278
SH1,39.743011,-8.793113,1279
SH1,39.74303,-8.793107,1280
SH1,39.743051,-8.793107,1281
SH1,39.743077,-8.79311,1282
SH1,39.743113,-8.793126,1283
SH1,39.74315,-8.793142,1284
SH1,39.743171,-8.793165,1285
SH1,39.743186,-8.793196,1286
SH1,39.743192,-8.793234,1287
SH1,39.743189,-8.793491,1288
SH1,39.743241,-8.793544,1289
SH1,39.74328,-8.793543,1290
SH1,39.743541,-8.793541,1291
SH1,39.743828,-8.793543,1292
SH1,39.743849,-8.79355,1293
SH1,39.743858,-8.793576,1294
SH1,39.743859,-8.79362,1295
SH1,39.743859,-8.793685,1296
SH1,39.743859,-8.793762,1297
SH1,39.743861,-8.794216,1298
SH1,39.744142,-8.794218,1299
SH1,39.744164,-8.79422,1300
SH1,39.744186,-8.794229,1301
SH1,39.744204,-8.794241,1302
SH1,39.744219,-8.794259,1303
SH1,39.744232,-8.794281,1304
SH1,39.744238,-8.794305,1305
SH1,39.744241,-8.794339,1306
SH1,39.744242,-8.794359,1307
SH1,39.744242,-8.794369,1308
SH1,39.744246,-8.794859,1309
SH1,39.744252,-8.79577,1310
SH1,39.744347,-8.795773,1311
SH1,39.744347,-8.796261,1312
SH1,39.744338,-8.796296,1313
SH1,39.744325,-8.796315,1314
SH1,39.744304,-8.796329,1315
SH1,39.744277,-8.79634,1316
SH1,39.744241,-8.796346,1317
SH1,39.743665,-8.796343,1318
SH1,39.74355,-8.796342,1319
SH1,39.743416,-8.79634,1320
SH1,39.742652,-8.79633,1321
SH1,39.742585,-8.796328,1322
SH1,39.74255,-8.796315,1323
SH1,39.742526,-8.796297,1324
SH1,39.742504,-8.79627,1325
SH1,39.742487,-8.796232,1326
SH1,39.742479,-8.796186,1327
SH1,39.742475,-8.796128,1328
SH1,39.742477,-8.796048,1329
SH1,39.742477,-8.795899,1330
SH1,39.742479,-8.795035,1331
SH1,39.742481,-8.794943,1332
SH1,39.742482,-8.794896,1333
SH1,39.742483,-8.794849,1334
SH1,39.742494,-8.794362,1335
SH1,39.742496,-8.794263,1336
SH1,39.742503,-8.79423,1337
SH1,39.742521,-8.794196,1338
SH1,39.742664,-8.793992,1339
SH1,39.7427,-8.793946,1340
SH1,39.742835,-8.79377,1341
SH1,39.742947,-8.793623,1342
SH1,39.742984,-8.793573,1343
SH1,39.743011,-8.793545,1344
SH1,39.743038,-8.793525,1345
SH1,39.743073,-8.793501,1346
SH1,39.7431,-8.793492,1347
SH1,39.743189,-8.793491,1348
SH1,39.743243,-8.79345,1349
SH1,39.74328,-8.793451,1350
SH1,39.743308,-8.793452,1351
SH1,39.74332,-8.793437,1352
SH1,39.743932,-8.793445,1353
SH1,39.7441,-8.793449,1354
SH1,39.744121,-8.793449,1355
SH1,39.744132,-8.793466,1356
SH1,39.744233,-8.793469,1357
SH1,39.744614,-8.79348,1358
SH1,39.744857,-8.793484,1359
SH1,39.744912,-8.793136,1360
SH1,39.744941,-8.792901,1361
SH1,39.744945,-8.792821,1362
SH1,39.744942,-8.792744,1363
SH1,39.744938,-8.792697,1364
SH1,39.744933,-8.792657,1365
SH1,39.744921,-8.792615,1366
SH1,39.744913,-8.792599,1367
SH1,39.744902,-8.792574,1368
SH1,39.744882,-8.792535,1369
SH1,39.744872,-8.792515,1370
SH1,39.744837,-8.792465,1371
SH1,39.744804,-8.792422,1372
SH1,39.744757,-8.792373,1373
SH1,39.7447,-8.792321,1374
SH1,39.744546,-8.792199,1375
SH1,39.743909,-8.791695,1376
SH1,39.743711,-8.791546,1377
SH1,39.743677,-8.791573,1378
SH1,39.743535,-8.791685,1379
SH1,39.74342,-8.791844,1380
SH1,39.743283,-8.792066,1381
SH1,39.743259,-8.792115,1382
SH1,39.743239,-8.792178,1383
SH1,39.743224,-8.792241,1384
SH1,39.74317,-8.792459,1385
SH1,39.743131,-8.792614,1386
SH1,39.743081,-8.79282,1387
SH1,39.743,-8.793124,1388
SH1,39.742959,-8.793268,1389
SH1,39.742938,-8.793327,1390
SH1,39.742914,-8.793373,1391
SH1,39.742894,-8.79341,1392
SH1,39.742865,-8.793449,1393
SH1,39.742833,-8.79348,1394
SH1,39.742802,-8.793499,1395
SH1,39.742767,-8.793512,1396
SH1,39.742722,-8.793525,1397
SH1,39.742549,-8.793551,1398
SH1,39.74236,-8.793582,1399
SH1,39.742258,-8.793616,1400
SH1,39.742191,-8.793648,1401
SH1,39.74214,-8.793678,1402
SH1,39.742078,-8.793725,1403
SH1,39.742034,-8.793792,1404
SH1,39.742013,-8.79383,1405
SH1,39.741991,-8.793877,1406
SH1,39.741965,-8.793949,1407
SH1,39.741836,-8.794483,1408
SH1,39.74181,-8.794569,1409
SH1,39.741781,-8.794633,1410
SH1,39.741745,-8.794697,1411
SH1,39.741702,-8.794769,1412
SH1,39.741655,-8.794846,1413
SH1,39.74143,-8.795174,1414
SH1,39.741331,-8.795322,1415
SH1,39.741262,-8.795463,1416
SH1,39.741227,-8.795546,1417
SH1,39.741233,-8.795643,1418
SH1,39.741238,-8.795683,1419
SH1,39.741243,-8.795724,1420
SH1,39.741268,-8.795734,1421
SH1,39.741289,-8.795754,1422
SH1,39.741305,-8.795781,1423
SH1,39.741313,-8.795813,1424
SH1,39.741313,-8.795834,1425
SH1,39.741313,-8.795847,1426
SH1,39.741306,-8.795877,1427
SH1,39.741292,-8.795904,1428
SH1,39.741273,-8.795925,1429
SH1,39.74125,-8.795937,1430
SH1,39.741225,-8.795939,1431
SH1,39.741204,-8.795934,1432
SH1,39.741184,-8.795921,1433
SH1,39.741168,-8.795902,1434
SH1,39.741154,-8.795874,1435
SH1,39.741148,-8.795843,1436
SH1,39.741149,-8.795811,1437
SH1,39.741156,-8.795783,1438
SH1,39.741157,-8.79578,1439
SH1,39.741172,-8.795754,1440
SH1,39.74117,-8.7957,1441
SH1,39.741174,-8.795654,1442
SH1,39.741194,-8.795595,1443
SH1,39.741227,-8.795546,1444
SH1,39.741262,-8.795463,1445
SH1,39.741331,-8.795322,1446
SH1,39.741325,-8.795303,1447
SH1,39.741313,-8.79528,1448
SH1,39.741291,-8.795257,1449
SH1,39.741268,-8.795238,1450
SH1,39.741235,-8.795217,1451
SH1,39.74121,-8.795207,1452
SH1,39.741186,-8.795198,1453
SH1,39.741164,-8.795197,1454
SH1,39.741133,-8.7952,1455
SH1,39.741089,-8.795223,1456
SH1,39.740883,-8.79745,1457
SH1,39.740881,-8.797538,1458
SH1,39.740891,-8.797649,1459
SH1,39.740901,-8.797724,1460
SH1,39.740948,-8.797964,1461
SH1,39.740987,-8.798149,1462
SH1,39.74102,-8.798274,1463
SH1,39.741073,-8.798501,1464
SH1,39.741099,-8.798614,1465
SH1,39.741109,-8.798665,1466
SH1,39.741172,-8.798797,1467
SH1,39.741199,-8.798852,1468
SH1,39.741212,-8.798857,1469
SH1,39.741226,-8.798864,1470
SH1,39.741267,-8.798895,1471
SH1,39.741299,-8.79894,1472
SH1,39.741321,-8.798995,1473
SH1,39.741325,-8.799021,1474
SH1,39.74133,-8.799055,1475
SH1,39.741326,-8.799113,1476
SH1,39.741312,-8.799167,1477
SH1,39.741287,-8.799214,1478
SH1,39.741308,-8.799436,1479
SH1,39.741405,-8.799838,1480
SH1,39.741514,-8.800233,1481
SH1,39.741597,-8.800201,1482
SH1,39.741534,-8.799964,1483
SH1,39.74149,-8.799797,1484
SH1,39.741455,-8.799656,1485
SH1,39.741426,-8.799519,1486
SH1,39.741408,-8.799414,1487
SH1,39.741402,-8.799332,1488
SH1,39.741403,-8.799255,1489
SH1,39.741413,-8.799166,1490
SH1,39.741433,-8.799082,1491
SH1,39.741463,-8.799008,1492
SH1,39.741524,-8.798873,1493
SH1,39.741572,-8.798783,1494
SH1,39.74161,-8.798726,1495
SH1,39.741647,-8.798688,1496
SH1,39.742112,-8.798397,1497
SH1,39.742096,-8.798307,1498
SH1,39.741619,-8.798611,1499
SH1,39.741536,-8.798663,1500
SH1,39.741487,-8.798752,1501
SH1,39.741427,-8.798859,1502
SH1,39.741382,-8.798952,1503
SH1,39.741357,-8.799002,1504
SH1,39.74133,-8.799055,1505
SH1,39.741326,-8.799113,1506
SH1,39.741312,-8.799167,1507
SH1,39.741287,-8.799214,1508
SH1,39.741308,-8.799436,1509
SH1,39.741405,-8.799838,1510
SH1,39.741514,-8.800233,1511
SH1,39.741615,-8.800589,1512
SH1,39.741669,-8.800753,1513
SH1,39.741699,-8.800809,1514
SH1,39.741739,-8.80087,1515
SH1,39.742569,-8.801881,1516
SH1,39.742583,-8.801898,1517
SH1,39.742689,-8.802026,1518
SH1,39.743029,-8.802439,1519
SH1,39.74311,-8.802538,1520
SH1,39.743142,-8.802597,1521
SH1,39.743169,-8.80268,1522
SH1,39.743232,-8.802962,1523
SH1,39.743291,-8.803178,1524
SH1,39.743486,-8.803927,1525
SH1,39.743548,-8.804167,1526
SH1,39.743576,-8.804294,1527
SH1,39.743598,-8.804403,1528
SH1,39.743607,-8.804532,1529
SH1,39.743608,-8.804758,1530
SH1,39.743607,-8.804815,1531
SH1,39.743606,-8.804872,1532
SH1,39.743599,-8.805333,1533
SH1,39.743596,-8.805464,1534
SH1,39.743571,-8.80564,1535
SH1,39.743562,-8.805736,1536
SH1,39.743393,-8.806289,1537
SH1,39.743388,-8.806353,1538
SH1,39.743389,-8.806424,1539
SH1,39.743402,-8.806439,1540
SH1,39.743414,-8.806458,1541
SH1,39.743586,-8.80647,1542
SH1,39.743658,-8.806475,1543
SH1,39.743707,-8.806482,1544
SH1,39.743747,-8.806498,1545
SH1,39.743777,-8.806518,1546
SH1,39.743805,-8.806545,1547
SH1,39.743842,-8.806597,1548
SH1,39.744045,-8.806898,1549
SH1,39.744216,-8.807161,1550
SH1,39.744277,-8.807205,1551
SH1,39.74431,-8.807218,1552
SH1,39.74434,-8.807224,1553
SH1,39.744365,-8.807224,1554
SH1,39.744388,-8.807215,1555
SH1,39.744421,-8.807186,1556
SH1,39.744765,-8.806832,1557
SH1,39.745082,-8.806487,1558
SH1,39.745307,-8.80622,1559
SH1,39.745355,-8.806164,1560
SH1,39.74535,-8.805992,1561
SH1,39.745346,-8.805885,1562
SH1,39.745334,-8.805827,1563
SH1,39.745329,-8.805773,1564
SH1,39.745325,-8.805725,1565
SH1,39.745333,-8.805665,1566
SH1,39.74535,-8.805614,1567
SH1,39.745375,-8.805571,1568
SH1,39.745407,-8.805527,1569
SH1,39.745763,-8.805133,1570
SH1,39.746183,-8.804682,1571
SH1,39.74623,-8.804635,1572
SH1,39.746249,-8.804591,1573
SH1,39.746261,-8.804561,1574
SH1,39.746286,-8.804506,1575
SH1,39.74631,-8.804473,1576
SH1,39.746331,-8.804449,1577
SH1,39.746381,-8.804401,1578
SH1,39.746389,-8.804372,1579
SH1,39.74639,-8.804339,1580
SH1,39.746383,-8.804302,1581
SH1,39.746241,-8.804083,1582
SH1,39.746202,-8.804017,1583
SH1,39.7462,-8.80399,1584
SH1,39.746211,-8.803964,1585
SH1,39.746299,-8.803861,1586
SH1,39.746422,-8.804039,1587
SH2,39.746422,-8.804039,1
SH2,39.746612,-8.804314,2
SH2,39.746656,-8.804396,3
SH2,39.746755,-8.804366,4
SH2,39.746856,-8.804338,5
SH2,39.747145,-8.804254,6
SH2,39.748057,-8.803988,7
SH2,39.748179,-8.803955,8
SH2,39.748281,-8.803948,9
SH2,39.748439,-8.803937,10
SH2,39.748659,-8.803944,11
SH2,39.748712,-8.803943,12
SH2,39.748802,-8.803942,13
SH2,39.749023,-8.803945,14
SH2,39.749085,-8.803943,15
SH2,39.74912,-8.803974,16
SH2,39.749145,-8.804015,17
SH2,39.749157,-8.804044,18
SH2,39.749165,-8.804076,19
SH2,39.749166,-8.804124,20
SH2,39.749162,-8.804171,21
SH2,39.749155,-8.804216,22
SH2,39.749146,-8.804259,23
SH2,39.74921,-8.804429,24
SH2,39.749311,-8.804471,25
SH2,39.749585,-8.804622,26
SH2,39.749653,-8.80467,27
SH2,39.749706,-8.804728,28
SH2,39.749747,-8.804786,29
SH2,39.74979,-8.804873,30
SH2,39.749815,-8.804949,31
SH2,39.749826,-8.805033,32
SH2,39.749833,-8.805111,33
SH2,39.749828,-8.805219,34
SH2,39.749734,-8.805793,35
SH2,39.749712,-8.805927,36
SH2,39.749835,-8.805961,37
SH2,39.749919,-8.805985,38
SH2,39.749906,-8.806067,39
SH2,39.749877,-8.806263,40
SH2,39.749847,-8.806459,41
SH2,39.749831,-8.806562,42
SH2,39.749818,-8.806649,43
SH2,39.750188,-8.806549,44
SH2,39.75016,-8.806368,45
SH2,39.750132,-8.806189,46
SH2,39.750105,-8.806021,47
SH2,39.749906,-8.806067,48
SH2,39.749919,-8.805985,49
SH2,39.749835,-8.805961,50
SH2,39.749712,-8.805927,51
SH2,39.749574,-8.806914,52
SH2,39.749676,-8.807201,53
SH2,39.749707,-8.807289,54
SH2,39.749737,-8.807345,55
SH2,39.749758,-8.807408,56
SH2,39.749771,-8.807485,57
SH2,39.74977,-8.807565,58
SH2,39.749755,-8.807642,59
SH2,39.749727,-8.807713,60
SH2,39.749688,-8.807774,61
SH2,39.749661,-8.807804,62
SH2,39.749618,-8.807837,63
SH2,39.749572,-8.807859,64
SH2,39.749523,-8.80787,65
SH2,39.749473,-8.80787,66
SH2,39.749433,-8.80786,67
SH2,39.749365,-8.807824,68
SH2,39.749307,-8.807766,69
SH2,39.749263,-8.80769,70
SH2,39.749237,-8.807601,71
SH2,39.74923,-8.807544,72
SH2,39.74923,-8.807486,73
SH2,39.749145,-8.807326,74
SH2,39.749042,-8.807092,75
SH2,39.749017,-8.807022,76
SH2,39.748933,-8.806775,77
SH2,39.748633,-8.805902,78
SH2,39.748581,-8.805755,79
SH2,39.748578,-8.805746,80
SH2,39.748539,-8.805637,81
SH2,39.748502,-8.805549,82
SH2,39.748463,-8.805479,83
SH2,39.748423,-8.805418,84
SH2,39.74838,-8.805372,85
SH2,39.748332,-8.805332,86
SH2,39.748288,-8.805306,87
SH2,39.748236,-8.805293,88
SH2,39.748182,-8.805284,89
SH2,39.748127,-8.805279,90
SH2,39.748045,-8.80528,91
SH2,39.747959,-8.805285,92
SH2,39.747656,-8.805293,93
SH2,39.747577,-8.805295,94
SH2,39.747442,-8.805295,95
SH2,39.747134,-8.805297,96
SH2,39.747063,-8.805299,97
SH2,39.746983,-8.8053,98
SH2,39.746917,-8.805305,99
SH2,39.746866,-8.805312,100
SH2,39.746798,-8.805335,101
SH2,39.74671,-8.805367,102
SH2,39.746584,-8.80542,103
SH2,39.746474,-8.80547,104
SH2,39.746028,-8.805714,105
SH2,39.745858,-8.805814,106
SH2,39.745678,-8.805919,107
SH2,39.745618,-8.805959,108
SH2,39.745569,-8.805991,109
SH2,39.745546,-8.806006,110
SH2,39.745468,-8.80607,111
SH2,39.745355,-8.806164,112
SH2,39.745082,-8.806487,113
SH2,39.744765,-8.806832,114
SH2,39.744421,-8.807186,115
SH2,39.744388,-8.807215,116
SH2,39.744365,-8.807224,117
SH2,39.74434,-8.807224,118
SH2,39.74431,-8.807218,119
SH2,39.744277,-8.807205,120
SH2,39.744216,-8.807161,121
SH2,39.744045,-8.806898,122
SH2,39.743842,-8.806597,123
SH2,39.743805,-8.806545,124
SH2,39.743777,-8.806518,125
SH2,39.743747,-8.806498,126
SH2,39.743707,-8.806482,127
SH2,39.743658,-8.806475,128
SH2,39.743586,-8.80647,129
SH2,39.743471,-8.806535,130
SH2,39.743428,-8.806566,131
SH2,39.743421,-8.806594,132
SH2,39.743408,-8.806619,133
SH2,39.743384,-8.806649,134
SH2,39.743355,-8.806667,135
SH2,39.743322,-8.806673,136
SH2,39.74329,-8.806665,137
SH2,39.743261,-8.806645,138
SH2,39.743245,-8.806626,139
SH2,39.743232,-8.806603,140
SH2,39.74322,-8.806565,141
SH2,39.743218,-8.806524,142
SH2,39.743225,-8.806484,143
SH2,39.74324,-8.806449,144
SH2,39.743264,-8.806419,145
SH2,39.743232,-8.806287,146
SH2,39.743191,-8.806129,147
SH2,39.743121,-8.805857,148
SH2,39.743058,-8.805586,149
SH2,39.743011,-8.805411,150
SH2,39.742925,-8.805098,151
SH2,39.742798,-8.80457,152
SH2,39.742758,-8.804432,153
SH2,39.742743,-8.804378,154
SH2,39.742708,-8.804244,155
SH2,39.742656,-8.804115,156
SH2,39.742571,-8.803951,157
SH2,39.74253,-8.803861,158
SH2,39.742567,-8.803738,159
SH2,39.7426,-8.803698,160
SH2,39.742621,-8.803672,161
SH2,39.742842,-8.803401,162
SH2,39.743101,-8.803088,163
SH2,39.743232,-8.802962,164
SH2,39.743169,-8.80268,165
SH2,39.743142,-8.802597,166
SH2,39.74311,-8.802538,167
SH2,39.743029,-8.802439,168
SH2,39.742702,-8.802042,169
SH2,39.742689,-8.802026,170
SH2,39.742569,-8.801881,171
SH2,39.741739,-8.80087,172
SH2,39.741699,-8.800809,173
SH2,39.741669,-8.800753,174
SH2,39.741615,-8.800589,175
SH2,39.741514,-8.800233,176
SH2,39.741405,-8.799838,177
SH2,39.741394,-8.799794,178
SH2,39.741308,-8.799436,179
SH2,39.741192,-8.799308,180
SH2,39.741171,-8.799285,181
SH2,39.741144,-8.799284,182
SH2,39.741117,-8.799278,183
SH2,39.741079,-8.799258,184
SH2,39.741046,-8.799226,185
SH2,39.74102,-8.799185,186
SH2,39.741002,-8.799137,187
SH2,39.740997,-8.799108,188
SH2,39.740994,-8.799085,189
SH2,39.740997,-8.799021,190
SH2,39.741014,-8.798961,191
SH2,39.741032,-8.798925,192
SH2,39.741109,-8.798665,193
SH2,39.741099,-8.798614,194
SH2,39.74102,-8.798274,195
SH2,39.740987,-8.798149,196
SH2,39.740948,-8.797964,197
SH2,39.740901,-8.797724,198
SH2,39.740891,-8.797649,199
SH2,39.740881,-8.797538,200
SH2,39.740883,-8.79745,201
SH2,39.741089,-8.795223,202
SH2,39.741111,-8.794994,203
SH2,39.741221,-8.793852,204
SH2,39.741237,-8.793698,205
SH2,39.741212,-8.79358,206
SH2,39.74119,-8.793494,207
SH2,39.741155,-8.793402,208
SH2,39.74109,-8.793344,209
SH2,39.741037,-8.793266,210
SH2,39.741001,-8.793168,211
SH2,39.740985,-8.793062,212
SH2,39.740991,-8.792954,213
SH2,39.741019,-8.792852,214
SH2,39.741072,-8.792755,215
SH2,39.741144,-8.792681,216
SH2,39.74123,-8.792639,217
SH2,39.741321,-8.79263,218
SH2,39.741376,-8.792641,219
SH2,39.741429,-8.792665,220
SH2,39.741501,-8.792724,221
SH2,39.741559,-8.792807,222
SH2,39.74158,-8.792862,223
SH2,39.741597,-8.792907,224
SH2,39.741611,-8.792986,225
SH2,39.741613,-8.793066,226
SH2,39.74178,-8.793328,227
SH2,39.742022,-8.793469,228
SH2,39.742188,-8.79354,229
SH2,39.74236,-8.793582,230
SH2,39.742549,-8.793551,231
SH2,39.742722,-8.793525,232
SH2,39.742767,-8.793512,233
SH2,39.742802,-8.793499,234
SH2,39.742833,-8.79348,235
SH2,39.742865,-8.793449,236
SH2,39.742894,-8.79341,237
SH2,39.742914,-8.793373,238
SH2,39.742938,-8.793327,239
SH2,39.742959,-8.793268,240
SH2,39.743,-8.793124,241
SH2,39.743011,-8.793113,242
SH2,39.74303,-8.793107,243
SH2,39.743051,-8.793107,244
SH2,39.743077,-8.79311,245
SH2,39.743113,-8.793126,246
SH2,39.74315,-8.793142,247
SH2,39.743171,-8.793165,248
SH2,39.743186,-8.793196,249
SH2,39.743192,-8.793234,250
SH2,39.743189,-8.793491,251
SH2,39.743243,-8.79345,252
SH2,39.74328,-8.793451,253
SH2,39.743308,-8.793452,254
SH2,39.743323,-8.793471,255
SH2,39.74393,-8.79348,256
SH2,39.744044,-8.793482,257
SH2,39.744121,-8.793484,258
SH2,39.744132,-8.793466,259
SH2,39.744233,-8.793469,260
SH2,39.744233,-8.793675,261
SH2,39.744226,-8.794105,262
SH2,39.744305,-8.794354,263
SH2,39.744358,-8.79452,264
SH2,39.744355,-8.794831,265
SH2,39.744347,-8.795773,266
SH2,39.744347,-8.796261,267
SH2,39.744338,-8.796296,268
SH2,39.744325,-8.796315,269
SH2,39.744304,-8.796329,270
SH2,39.744277,-8.79634,271
SH2,39.744241,-8.796346,272
SH2,39.743665,-8.796343,273
SH2,39.74355,-8.796342,274
SH2,39.743416,-8.79634,275
SH2,39.742652,-8.79633,276
SH2,39.742585,-8.796328,277
SH2,39.74255,-8.796315,278
SH2,39.742526,-8.796297,279
SH2,39.742504,-8.79627,280
SH2,39.742487,-8.796232,281
SH2,39.742479,-8.796186,282
SH2,39.742475,-8.796128,283
SH2,39.742477,-8.796048,284
SH2,39.742477,-8.795899,285
SH2,39.742479,-8.795035,286
SH2,39.742481,-8.794943,287
SH2,39.742482,-8.794896,288
SH2,39.742483,-8.794849,289
SH2,39.742494,-8.794346,290
SH2,39.742496,-8.794263,291
SH2,39.742503,-8.79423,292
SH2,39.742521,-8.794196,293
SH2,39.742664,-8.793992,294
SH2,39.7427,-8.793946,295
SH2,39.742835,-8.79377,296
SH2,39.742947,-8.793623,297
SH2,39.742984,-8.793573,298
SH2,39.743011,-8.793545,299
SH2,39.743038,-8.793525,300
SH2,39.743073,-8.793501,301
SH2,39.7431,-8.793492,302
SH2,39.743189,-8.793491,303
SH2,39.743243,-8.79345,304
SH2,39.74328,-8.793451,305
SH2,39.743308,-8.793452,306
SH2,39.74332,-8.793437,307
SH2,39.743932,-8.793445,308
SH2,39.7441,-8.793449,309
SH2,39.744121,-8.793449,310
SH2,39.744132,-8.793466,311
SH2,39.744233,-8.793469,312
SH2,39.744614,-8.79348,313
SH2,39.744857,-8.793484,314
SH2,39.744912,-8.793136,315
SH2,39.744941,-8.792901,316
SH2,39.744945,-8.792821,317
SH2,39.744942,-8.792744,318
SH2,39.744938,-8.792697,319
SH2,39.744933,-8.792657,320
SH2,39.744921,-8.792615,321
SH2,39.744913,-8.792599,322
SH2,39.744902,-8.792574,323
SH2,39.744882,-8.792535,324
SH2,39.744872,-8.792515,325
SH2,39.744837,-8.792465,326
SH2,39.744804,-8.792422,327
SH2,39.744757,-8.792373,328
SH2,39.7447,-8.792321,329
SH2,39.74457,-8.792218,330
SH2,39.743909,-8.791695,331
SH2,39.743711,-8.791546,332
SH2,39.743677,-8.791573,333
SH2,39.743535,-8.791685,334
SH2,39.74342,-8.791844,335
SH2,39.743283,-8.792066,336
SH2,39.743259,-8.792115,337
SH2,39.743239,-8.792178,338
SH2,39.743224,-8.792241,339
SH2,39.743164,-8.79248,340
SH2,39.743131,-8.792614,341
SH2,39.743081,-8.79282,342
SH2,39.743,-8.793124,343
SH2,39.742959,-8.793268,344
SH2,39.742938,-8.793327,345
SH2,39.742914,-8.793373,346
SH2,39.742894,-8.79341,347
SH2,39.742865,-8.793449,348
SH2,39.742833,-8.79348,349
SH2,39.742802,-8.793499,350
SH2,39.742767,-8.793512,351
SH2,39.742722,-8.793525,352
SH2,39.742549,-8.793551,353
SH2,39.74236,-8.793582,354
SH2,39.742188,-8.79354,355
SH2,39.742022,-8.793469,356
SH2,39.74178,-8.793328,357
SH2,39.741681,-8.793324,358
SH2,39.741612,-8.79333,359
SH2,39.741569,-8.793334,360
SH2,39.741505,-8.793348,361
SH2,39.741454,-8.793394,362
SH2,39.741397,-8.793427,363
SH2,39.741316,-8.793447,364
SH2,39.741233,-8.793438,365
SH2,39.741155,-8.793402,366
SH2,39.74109,-8.793344,367
SH2,39.741037,-8.793266,368
SH2,39.74097,-8.793225,369
SH2,39.740918,-8.7932,370
SH2,39.740881,-8.793189,371
SH2,39.740834,-8.793181,372
SH2,39.740756,-8.793182,373
SH2,39.74056,-8.793213,374
SH2,39.739833,-8.79334,375
SH2,39.739348,-8.793423,376
SH2,39.739273,-8.793435,377
SH2,39.739205,-8.793446,378
SH2,39.739053,-8.793471,379
SH2,39.738148,-8.793626,380
SH2,39.737946,-8.793663,381
SH2,39.737755,-8.793713,382
SH2,39.737693,-8.793733,383
SH2,39.737658,-8.793746,384
SH2,39.737541,-8.79379,385
SH2,39.737397,-8.79386,386
SH2,39.737219,-8.793944,387
SH2,39.737091,-8.79401,388
SH2,39.736953,-8.794096,389
SH2,39.736897,-8.794135,390
SH2,39.736888,-8.794194,391
SH2,39.736865,-8.794245,392
SH2,39.736831,-8.794285,393
SH2,39.73679,-8.79431,394
SH2,39.736744,-8.794317,395
SH2,39.736708,-8.79431,396
SH2,39.736674,-8.794291,397
SH2,39.736645,-8.794263,398
SH2,39.736622,-8.794225,399
SH2,39.736607,-8.794182,400
SH2,39.736601,-8.794153,401
SH2,39.7366,-8.794122,402
SH2,39.736468,-8.793995,403
SH2,39.736409,-8.793968,404
SH2,39.736099,-8.793873,405
SH2,39.73598,-8.793835,406
SH2,39.735844,-8.793791,407
SH2,39.735991,-8.792983,408
SH2,39.73534,-8.792688,409
SH2,39.734903,-8.792489,410
SH2,39.734756,-8.792422,411
SH2,39.733957,-8.792032,412
SH2,39.733958,-8.792134,413
SH2,39.733961,-8.792405,414
SH2,39.733965,-8.792588,415
SH2,39.733967,-8.792792,416
SH2,39.733958,-8.793078,417
SH2,39.733925,-8.793284,418
SH2,39.733883,-8.793555,419
SH2,39.733821,-8.793956,420
SH2,39.733578,-8.79556,421
SH2,39.73337,-8.796929,422
SH2,39.733356,-8.797007,423
SH2,39.733336,-8.797084,424
SH2,39.733304,-8.797182,425
SH2,39.733285,-8.797226,426
SH2,39.733289,-8.79746,427
SH2,39.733291,-8.797526,428
SH2,39.733297,-8.797862,429
SH2,39.733306,-8.798283,430
SH2,39.733317,-8.798825,431
SH2,39.733349,-8.798912,432
SH2,39.733372,-8.798964,433
SH2,39.733391,-8.799,434
SH2,39.733418,-8.799035,435
SH2,39.733454,-8.799066,436
SH2,39.733511,-8.799097,437
SH2,39.733607,-8.799155,438
SH2,39.733772,-8.799191,439
SH2,39.733888,-8.799202,440
SH2,39.733961,-8.799206,441
SH2,39.73414,-8.799201,442
SH2,39.734297,-8.799196,443
SH2,39.734909,-8.799171,444
SH2,39.735005,-8.799165,445
SH2,39.735089,-8.799145,446
SH2,39.735148,-8.799111,447
SH2,39.735237,-8.79903,448
SH2,39.735285,-8.798976,449
SH2,39.735321,-8.798955,450
SH2,39.735342,-8.798943,451
SH2,39.735405,-8.798932,452
SH2,39.735466,-8.798946,453
SH2,39.735523,-8.798981,454
SH2,39.735584,-8.79907,455
SH2,39.735617,-8.799085,456
SH2,39.735654,-8.7991,457
SH2,39.735712,-8.799125,458
SH2,39.735747,-8.799135,459
SH2,39.735791,-8.799143,460
SH2,39.735842,-8.799149,461
SH2,39.735877,-8.799153,462
SH2,39.735971,-8.799166,463
SH2,39.73603,-8.799174,464
SH2,39.736123,-8.799192,465
SH2,39.736181,-8.799234,466
SH2,39.736216,-8.799244,467
SH2,39.736403,-8.79932,468
SH2,39.736507,-8.799374,469
SH2,39.73664,-8.799453,470
SH2,39.736753,-8.799531,471
SH2,39.73685,-8.799607,472
SH2,39.736986,-8.799734,473
SH2,39.737111,-8.799886,474
SH2,39.737317,-8.800157,475
SH2,39.737352,-8.800201,476
SH2,39.737463,-8.800357,477
SH2,39.737596,-8.80054,478
SH2,39.737774,-8.800784,479
SH2,39.738082,-8.801206,480
SH2,39.738495,-8.801755,481
SH2,39.738527,-8.8018,482
SH2,39.738909,-8.80233,483
SH2,39.739022,-8.802467,484
SH2,39.739153,-8.802595,485
SH2,39.73926,-8.802676,486
SH2,39.739463,-8.802824,487
SH2,39.739524,-8.802862,488
SH2,39.739731,-8.802956,489
SH2,39.739834,-8.802999,490
SH2,39.739864,-8.803012,491
SH2,39.740295,-8.80317,492
SH2,39.740392,-8.803204,493
SH2,39.740448,-8.803221,494
SH2,39.740499,-8.803091,495
SH2,39.740619,-8.802786,496
SH2,39.740646,-8.802663,497
SH2,39.740656,-8.802615,498
SH2,39.740646,-8.802583,499
SH2,39.740642,-8.802534,500
SH2,39.740646,-8.802489,501
SH2,39.74066,-8.802446,502
SH2,39.74069,-8.802382,503
SH2,39.740711,-8.802361,504
SH2,39.740736,-8.80235,505
SH2,39.740766,-8.802344,506
SH2,39.7408,-8.802341,507
SH2,39.740851,-8.802349,508
SH2,39.740874,-8.802369,509
SH2,39.740896,-8.802394,510
SH2,39.74091,-8.802419,511
SH2,39.740923,-8.802457,512
SH2,39.740957,-8.802518,513
SH2,39.740983,-8.802564,514
SH2,39.741039,-8.802649,515
SH2,39.741065,-8.802668,516
SH2,39.741419,-8.802907,517
SH2,39.74168,-8.803061,518
SH2,39.74178,-8.803105,519
SH2,39.741869,-8.803136,520
SH2,39.741912,-8.803165,521
SH2,39.741928,-8.803176,522
SH2,39.742432,-8.80372,523
SH2,39.742567,-8.803738,524
SH2,39.7426,-8.803698,525
SH2,39.742621,-8.803672,526
SH2,39.742842,-8.803401,527
SH2,39.743101,-8.803088,528
SH2,39.743232,-8.802962,529
SH2,39.743169,-8.80268,530
SH2,39.743142,-8.802597,531
SH2,39.74311,-8.802538,532
SH2,39.74313,-8.802514,533
SH2,39.743143,-8.802478,534
SH2,39.743143,-8.802451,535
SH2,39.743141,-8.802419,536
SH2,39.743117,-8.802356,537
SH2,39.74281,-8.801969,538
SH2,39.742781,-8.801906,539
SH2,39.742764,-8.801845,540
SH2,39.742758,-8.801779,541
SH2,39.742763,-8.801712,542
SH2,39.742781,-8.80165,543
SH2,39.742805,-8.801599,544
SH2,39.742845,-8.801552,545
SH2,39.742885,-8.80153,546
SH2,39.742939,-8.801518,547
SH2,39.742996,-8.801519,548
SH2,39.743068,-8.801524,549
SH2,39.743161,-8.801538,550
SH2,39.743241,-8.801552,551
SH2,39.743323,-8.80157,552
SH2,39.743398,-8.801592,553
SH2,39.743466,-8.801618,554
SH2,39.743822,-8.801807,555
SH2,39.743889,-8.801824,556
SH2,39.743952,-8.801826,557
SH2,39.744008,-8.801815,558
SH2,39.744062,-8.801786,559
SH2,39.744106,-8.801748,560
SH2,39.744148,-8.801703,561
SH2,39.744184,-8.801648,562
SH2,39.744402,-8.8013,563
SH2,39.744453,-8.801197,564
SH2,39.744498,-8.801094,565
SH2,39.744556,-8.800947,566
SH2,39.744724,-8.800488,567
SH2,39.744747,-8.800427,568
SH2,39.744769,-8.80033,569
SH2,39.744782,-8.800232,570
SH2,39.74479,-8.800117,571
SH2,39.744797,-8.800016,572
SH2,39.744802,-8.799926,573
SH2,39.744836,-8.799929,574
SH2,39.744914,-8.799934,575
SH2,39.744971,-8.799195,576
SH2,39.745085,-8.799208,577
SH2,39.745111,-8.799222,578
SH2,39.745131,-8.799243,579
SH2,39.745165,-8.799295,580
SH2,39.745199,-8.799348,581
SH2,39.745248,-8.799401,582
SH2,39.745294,-8.799435,583
SH2,39.745337,-8.799452,584
SH2,39.745385,-8.799461,585
SH2,39.745426,-8.799463,586
SH2,39.745463,-8.799452,587
SH2,39.745492,-8.799439,588
SH2,39.745519,-8.799426,589
SH2,39.745544,-8.799404,590
SH2,39.74557,-8.799383,591
SH2,39.745593,-8.799359,592
SH2,39.745617,-8.799329,593
SH2,39.745649,-8.799282,594
SH2,39.745617,-8.799329,595
SH2,39.745593,-8.799359,596
SH2,39.74557,-8.799383,597
SH2,39.745544,-8.799404,598
SH2,39.745519,-8.799426,599
SH2,39.745492,-8.799439,600
SH2,39.745463,-8.799452,601
SH2,39.745426,-8.799463,602
SH2,39.745385,-8.799461,603
SH2,39.745337,-8.799452,604
SH2,39.745294,-8.799435,605
SH2,39.745248,-8.799401,606
SH2,39.745199,-8.799348,607
SH2,39.745165,-8.799295,608
SH2,39.745131,-8.799243,609
SH2,39.745111,-8.799222,610
SH2,39.745085,-8.799208,611
SH2,39.744987,-8.799197,612
SH2,39.744971,-8.799195,613
SH2,39.744914,-8.799934,614
SH2,39.744836,-8.799929,615
SH2,39.744802,-8.799926,616
SH2,39.744797,-8.800016,617
SH2,39.74479,-8.800117,618
SH2,39.744782,-8.800232,619
SH2,39.744769,-8.80033,620
SH2,39.744747,-8.800427,621
SH2,39.744724,-8.800488,622
SH2,39.744556,-8.800947,623
SH2,39.744498,-8.801094,624
SH2,39.744453,-8.801197,625
SH2,39.744402,-8.8013,626
SH2,39.744184,-8.801648,627
SH2,39.744148,-8.801703,628
SH2,39.744106,-8.801748,629
SH2,39.744062,-8.801786,630
SH2,39.744008,-8.801815,631
SH2,39.743952,-8.801826,632
SH2,39.743889,-8.801824,633
SH2,39.743822,-8.801807,634
SH2,39.743466,-8.801618,635
SH2,39.743398,-8.801592,636
SH2,39.743323,-8.80157,637
SH2,39.743241,-8.801552,638
SH2,39.743161,-8.801538,639
SH2,39.743068,-8.801524,640
SH2,39.742996,-8.801519,641
SH2,39.742939,-8.801518,642
SH2,39.742885,-8.80153,643
SH2,39.742845,-8.801552,644
SH2,39.742805,-8.801599,645
SH2,39.742781,-8.80165,646
SH2,39.742763,-8.801712,647
SH2,39.742758,-8.801779,648
SH2,39.742764,-8.801845,649
SH2,39.742781,-8.801906,650
SH2,39.74281,-8.801969,651
SH2,39.743117,-8.802356,652
SH2,39.743141,-8.802419,653
SH2,39.743143,-8.802451,654
SH2,39.743143,-8.802478,655
SH2,39.74313,-8.802514,656
SH2,39.74311,-8.802538,657
SH2,39.743142,-8.802597,658
SH2,39.743169,-8.80268,659
SH2,39.743232,-8.802962,660
SH2,39.743291,-8.803178,661
SH2,39.743486,-8.803927,662
SH2,39.743548,-8.804167,663
SH2,39.743576,-8.804294,664
SH2,39.743598,-8.804403,665
SH2,39.743607,-8.804532,666
SH2,39.743608,-8.804758,667
SH2,39.743607,-8.804815,668
SH2,39.743606,-8.804872,669
SH2,39.743599,-8.805333,670
SH2,39.743596,-8.805464,671
SH2,39.743571,-8.80564,672
SH2,39.743562,-8.805736,673
SH2,39.743393,-8.806289,674
SH2,39.743388,-8.806353,675
SH2,39.743389,-8.806424,676
SH2,39.743402,-8.806439,677
SH2,39.743414,-8.806458,678
SH2,39.743426,-8.806492,679
SH2,39.743431,-8.806528,680
SH2,39.743428,-8.806566,681
SH2,39.743421,-8.806594,682
SH2,39.743408,-8.806619,683
SH2,39.743384,-8.806649,684
SH2,39.743355,-8.806667,685
SH2,39.743322,-8.806673,686
SH2,39.74329,-8.806665,687
SH2,39.743261,-8.806645,688
SH2,39.743245,-8.806626,689
SH2,39.743232,-8.806603,690
SH2,39.74322,-8.806565,691
SH2,39.743218,-8.806524,692
SH2,39.743225,-8.806484,693
SH2,39.74324,-8.806449,694
SH2,39.743264,-8.806419,695
SH2,39.743232,-8.806287,696
SH2,39.743121,-8.805857,697
SH2,39.743058,-8.805586,698
SH2,39.742942,-8.805564,699
SH2,39.742842,-8.805544,700
SH2,39.742347,-8.805426,701
SH2,39.742006,-8.805346,702
SH2,39.741871,-8.805313,703
SH2,39.741738,-8.805234,704
SH2,39.741728,-8.805264,705
SH2,39.741713,-8.805289,706
SH2,39.741693,-8.805308,707
SH2,39.741669,-8.805319,708
SH2,39.741641,-8.80532,709
SH2,39.741614,-8.805309,710
SH2,39.741591,-8.805288,711
SH2,39.741574,-8.805258,712
SH2,39.741566,-8.805223,713
SH2,39.741566,-8.805186,714
SH2,39.741193,-8.805242,715
SH2,39.740792,-8.805297,716
SH2,39.74073,-8.805294,717
SH2,39.740373,-8.805256,718
SH2,39.739888,-8.805271,719
SH2,39.739821,-8.80527,720
SH2,39.739754,-8.805266,721
SH2,39.739764,-8.805178,722
SH2,39.739789,-8.805016,723
SH2,39.739831,-8.804812,724
SH2,39.739847,-8.804762,725
SH2,39.739915,-8.804624,726
SH2,39.739824,-8.804576,727
SH2,39.739744,-8.804524,728
SH2,39.739442,-8.804338,729
SH2,39.739243,-8.804187,730
SH2,39.739162,-8.80411,731
SH2,39.739062,-8.803959,732
SH2,39.738886,-8.803639,733
SH2,39.738487,-8.803005,734
SH2,39.738098,-8.802397,735
SH2,39.738021,-8.802276,736
SH2,39.738084,-8.802207,737
SH2,39.738418,-8.80184,738
SH2,39.738468,-8.801784,739
SH2,39.738495,-8.801755,740
SH2,39.738527,-8.8018,741
SH2,39.738909,-8.80233,742
SH2,39.739022,-8.802467,743
SH2,39.739153,-8.802595,744
SH2,39.73926,-8.802676,745
SH2,39.739438,-8.802806,746
SH2,39.739463,-8.802824,747
SH2,39.739524,-8.802862,748
SH2,39.739731,-8.802956,749
SH2,39.739834,-8.802999,750
SH2,39.739864,-8.803012,751
SH2,39.740295,-8.80317,752
SH2,39.740392,-8.803204,753
SH2,39.740448,-8.803221,754
SH2,39.740499,-8.803091,755
SH2,39.740619,-8.802786,756
SH2,39.740646,-8.802663,757
SH2,39.740656,-8.802615,758
SH2,39.740646,-8.802583,759
SH2,39.740642,-8.802534,760
SH2,39.740646,-8.802489,761
SH2,39.74066,-8.802446,762
SH2,39.74069,-8.802382,763
SH2,39.740711,-8.802361,764
SH2,39.740736,-8.80235,765
SH2,39.740766,-8.802344,766
SH2,39.7408,-8.802341,767
SH2,39.740851,-8.802349,768
SH2,39.740874,-8.802369,769
SH2,39.740896,-8.802394,770
SH2,39.74091,-8.802419,771
SH2,39.740923,-8.802457,772
SH2,39.740926,-8.802504,773
SH2,39.740923,-8.802541,774
SH2,39.740912,-8.802575,775
SH2,39.740898,-8.802607,776
SH2,39.740875,-8.802638,777
SH2,39.740849,-8.802662,778
SH2,39.740817,-8.80268,779
SH2,39.74078,-8.802692,780
SH2,39.740754,-8.802695,781
SH2,39.740619,-8.802786,782
SH2,39.740499,-8.803091,783
SH2,39.740448,-8.803221,784
SH2,39.740395,-8.803355,785
SH2,39.740014,-8.80433,786
SH2,39.739969,-8.804444,787
SH2,39.739915,-8.804624,788
SH2,39.739906,-8.804768,789
SH2,39.739869,-8.804933,790
SH2,39.739835,-8.805138,791
SH2,39.739821,-8.80527,792
SH2,39.739808,-8.805432,793
SH2,39.739765,-8.805989,794
SH2,39.739759,-8.806062,795
SH2,39.739808,-8.806065,796
SH2,39.73986,-8.806067,797
SH2,39.739851,-8.806195,798
SH2,39.739788,-8.807059,799
SH2,39.739782,-8.807139,800
SH2,39.739707,-8.807128,801
SH2,39.739676,-8.807124,802
SH2,39.73967,-8.807204,803
SH2,39.739606,-8.808022,804
SH2,39.739587,-8.808269,805
SH2,39.739562,-8.808693,806
SH2,39.739557,-8.808916,807
SH2,39.739555,-8.808983,808
SH2,39.739559,-8.809002,809
SH2,39.739559,-8.809023,810
SH2,39.739554,-8.809054,811
SH2,39.739541,-8.809082,812
SH2,39.739522,-8.809104,813
SH2,39.739498,-8.809116,814
SH2,39.739473,-8.809119,815
SH2,39.739456,-8.809115,816
SH2,39.739439,-8.809105,817
SH2,39.739397,-8.809094,818
SH2,39.739242,-8.809052,819
SH2,39.739173,-8.809037,820
SH2,39.738984,-8.808997,821
SH2,39.738937,-8.808986,822
SH2,39.738871,-8.808974,823
SH2,39.738744,-8.80895,824
SH2,39.738735,-8.809028,825
SH2,39.738664,-8.809659,826
SH2,39.738652,-8.809683,827
SH2,39.738629,-8.80969,828
SH2,39.738595,-8.809687,829
SH2,39.738124,-8.809613,830
SH2,39.738102,-8.809619,831
SH2,39.738083,-8.809631,832
SH2,39.738073,-8.809643,833
SH2,39.738064,-8.809659,834
SH2,39.738058,-8.809685,835
SH2,39.738056,-8.809718,836
SH2,39.738041,-8.809944,837
SH2,39.738021,-8.810012,838
SH2,39.737996,-8.810069,839
SH2,39.737975,-8.810102,840
SH2,39.737942,-8.810133,841
SH2,39.737902,-8.810159,842
SH2,39.737862,-8.810175,843
SH2,39.737835,-8.810181,844
SH2,39.737746,-8.8102,845
SH2,39.73744,-8.810233,846
SH2,39.737396,-8.810252,847
SH2,39.737361,-8.810278,848
SH2,39.737294,-8.81034,849
SH2,39.737255,-8.810389,850
SH2,39.73708,-8.81061,851
SH2,39.737008,-8.810701,852
SH2,39.736731,-8.81105,853
SH2,39.736621,-8.811189,854
SH2,39.736435,-8.811424,855
SH2,39.736387,-8.811532,856
SH2,39.736375,-8.811583,857
SH2,39.73637,-8.811631,858
SH2,39.73637,-8.811663,859
SH2,39.736373,-8.81169,860
SH2,39.73638,-8.811727,861
SH2,39.736392,-8.811794,862
SH2,39.736798,-8.812385,863
SH2,39.738467,-8.814698,864
SH2,39.738496,-8.814738,865
SH2,39.738608,-8.814894,866
SH2,39.738704,-8.815036,867
SH2,39.738774,-8.815164,868
SH2,39.738839,-8.815295,869
SH2,39.738905,-8.815451,870
SH2,39.73895,-8.815578,871
SH2,39.738994,-8.815748,872
SH2,39.739021,-8.815885,873
SH2,39.739046,-8.816041,874
SH2,39.739061,-8.816176,875
SH2,39.739068,-8.816274,876
SH2,39.739073,-8.816399,877
SH2,39.739067,-8.817401,878
SH2,39.73909,-8.81755,879
SH2,39.739095,-8.817568,880
SH2,39.739108,-8.817603,881
SH2,39.739142,-8.817603,882
SH2,39.739176,-8.817608,883
SH2,39.739244,-8.817634,884
SH2,39.739306,-8.817681,885
SH2,39.739357,-8.817745,886
SH2,39.739401,-8.817843,887
SH2,39.739421,-8.817952,888
SH2,39.739416,-8.818065,889
SH2,39.739409,-8.818087,890
SH2,39.739385,-8.818171,891
SH2,39.739338,-8.818254,892
SH2,39.739274,-8.818318,893
SH2,39.7392,-8.818357,894
SH2,39.73912,-8.818369,895
SH2,39.739086,-8.818365,896
SH2,39.73903,-8.818409,897
SH2,39.738965,-8.818464,898
SH2,39.738876,-8.818554,899
SH2,39.738814,-8.818637,900
SH2,39.738768,-8.818709,901
SH2,39.738721,-8.8188,902
SH2,39.73865,-8.818978,903
SH2,39.738562,-8.819235,904
SH2,39.738462,-8.819518,905
SH2,39.738367,-8.819767,906
SH2,39.738176,-8.820193,907
SH2,39.73809,-8.820366,908
SH2,39.738008,-8.820538,909
SH2,39.73794,-8.820671,910
SH2,39.737876,-8.820782,911
SH2,39.737829,-8.820855,912
SH2,39.737743,-8.820968,913
SH2,39.737555,-8.821187,914
SH2,39.737056,-8.821779,915
SH2,39.736157,-8.822764,916
SH2,39.736065,-8.822862,917
SH2,39.735975,-8.822955,918
SH2,39.735779,-8.823133,919
SH2,39.735675,-8.823218,920
SH2,39.735552,-8.823314,921
SH2,39.735352,-8.823461,922
SH2,39.735205,-8.823558,923
SH2,39.73514,-8.823596,924
SH2,39.735001,-8.823665,925
SH2,39.734967,-8.823691,926
SH2,39.734919,-8.823729,927
SH2,39.734878,-8.823761,928
SH2,39.734829,-8.823807,929
SH2,39.734825,-8.82385,930
SH2,39.734815,-8.823891,931
SH2,39.734799,-8.823929,932
SH2,39.734779,-8.823961,933
SH2,39.734755,-8.823987,934
SH2,39.734728,-8.824008,935
SH2,39.734698,-8.824022,936
SH2,39.734667,-8.824028,937
SH2,39.734635,-8.824028,938
SH2,39.734579,-8.824007,939
SH2,39.734531,-8.823963,940
SH2,39.734497,-8.8239,941
SH2,39.73448,-8.823827,942
SH2,39.734483,-8.823751,943
SH2,39.734366,-8.823557,944
SH2,39.734313,-8.823498,945
SH2,39.734265,-8.82345,946
SH2,39.734212,-8.823406,947
SH2,39.734114,-8.823339,948
SH2,39.733912,-8.823228,949
SH2,39.733812,-8.823174,950
SH2,39.73372,-8.823129,951
SH2,39.733036,-8.822794,952
SH2,39.73297,-8.822755,953
SH2,39.732917,-8.822717,954
SH2,39.732871,-8.822675,955
SH2,39.732827,-8.822621,956
SH2,39.732692,-8.822428,957
SH2,39.73266,-8.822385,958
SH2,39.732624,-8.822348,959
SH2,39.732545,-8.822291,960
SH2,39.732504,-8.822291,961
SH2,39.732466,-8.822274,962
SH2,39.732433,-8.822244,963
SH2,39.732406,-8.822196,964
SH2,39.732394,-8.82214,965
SH2,39.732397,-8.822081,966
SH2,39.73241,-8.822037,967
SH2,39.732431,-8.821999,968
SH2,39.73246,-8.821971,969
SH2,39.732558,-8.821782,970
SH2,39.732587,-8.821722,971
SH2,39.732673,-8.821588,972
SH2,39.732652,-8.821505,973
SH2,39.732644,-8.82145,974
SH2,39.732638,-8.821318,975
SH2,39.732648,-8.821046,976
SH2,39.732654,-8.821004,977
SH2,39.73268,-8.820933,978
SH2,39.7327,-8.820899,979
SH2,39.732791,-8.820748,980
SH2,39.732811,-8.82073,981
SH2,39.732836,-8.820721,982
SH2,39.732858,-8.820731,983
SH2,39.73316,-8.821029,984
SH2,39.733217,-8.821086,985
SH2,39.733332,-8.821199,986
SH2,39.733356,-8.821224,987
SH2,39.733457,-8.82133,988
SH2,39.733956,-8.821845,989
SH2,39.734064,-8.821957,990
SH2,39.734075,-8.822089,991
SH2,39.734138,-8.822877,992
SH2,39.734146,-8.822977,993
SH2,39.734149,-8.823009,994
SH2,39.734186,-8.823236,995
SH2,39.734202,-8.823299,996
SH2,39.734304,-8.82338,997
SH2,39.734409,-8.823459,998
SH2,39.734481,-8.823515,999
SH2,39.734533,-8.823547,1000
SH2,39.734611,-8.82358,1001
SH2,39.73465,-8.823573,1002
SH2,39.734689,-8.823578,1003
SH2,39.734726,-8.823593,1004
SH2,39.734819,-8.823582,1005
SH2,39.734874,-8.823572,1006
SH2,39.734921,-8.823559,1007
SH2,39.734985,-8.823531,1008
SH2,39.735031,-8.823503,1009
SH2,39.73516,-8.8234,1010
SH2,39.735238,-8.823322,1011
SH2,39.7353,-8.823256,1012
SH2,39.735475,-8.823042,1013
SH2,39.735837,-8.822614,1014
SH2,39.735945,-8.822492,1015
SH2,39.736005,-8.822438,1016
SH2,39.736056,-8.822396,1017
SH2,39.736102,-8.822325,1018
SH2,39.736131,-8.822289,1019
SH2,39.736206,-8.822213,1020
SH2,39.736442,-8.822008,1021
SH2,39.736789,-8.821683,1022
SH2,39.737089,-8.821401,1023
SH2,39.737232,-8.821266,1024
SH2,39.73745,-8.821073,1025
SH2,39.737556,-8.820967,1026
SH2,39.737646,-8.820866,1027
SH2,39.737738,-8.820749,1028
SH2,39.737823,-8.820634,1029
SH2,39.737873,-8.820562,1030
SH2,39.737904,-8.820517,1031
SH2,39.738007,-8.820338,1032
SH2,39.738112,-8.820135,1033
SH2,39.738311,-8.819704,1034
SH2,39.7384,-8.819475,1035
SH2,39.738495,-8.819192,1036
SH2,39.738634,-8.818786,1037
SH2,39.73876,-8.818496,1038
SH2,39.738807,-8.81837,1039
SH2,39.738836,-8.818269,1040
SH2,39.738852,-8.818123,1041
SH2,39.738833,-8.818017,1042
SH2,39.738838,-8.817909,1043
SH2,39.738866,-8.817807,1044
SH2,39.738915,-8.81772,1045
SH2,39.738971,-8.81766,1046
SH2,39.739037,-8.817621,1047
SH2,39.739108,-8.817603,1048
SH2,39.739142,-8.817603,1049
SH2,39.739176,-8.817608,1050
SH2,39.73923,-8.817566,1051
SH2,39.739268,-8.817538,1052
SH2,39.739302,-8.817497,1053
SH2,39.739357,-8.817396,1054
SH2,39.739357,-8.817035,1055
SH2,39.739357,-8.816921,1056
SH2,39.739357,-8.816524,1057
SH2,39.739357,-8.816288,1058
SH2,39.739357,-8.816084,1059
SH2,39.739359,-8.815765,1060
SH2,39.739359,-8.815737,1061
SH2,39.73936,-8.815533,1062
SH2,39.73936,-8.815471,1063
SH2,39.73936,-8.815423,1064
SH2,39.739361,-8.815336,1065
SH2,39.739361,-8.815224,1066
SH2,39.739363,-8.814773,1067
SH2,39.739363,-8.814608,1068
SH2,39.73937,-8.813407,1069
SH2,39.739376,-8.81332,1070
SH2,39.739394,-8.813205,1071
SH2,39.739421,-8.813092,1072
SH2,39.739442,-8.813012,1073
SH2,39.739469,-8.812931,1074
SH2,39.739524,-8.812805,1075
SH2,39.739561,-8.812734,1076
SH2,39.739598,-8.812674,1077
SH2,39.739643,-8.812613,1078
SH2,39.73972,-8.812525,1079
SH2,39.739829,-8.812435,1080
SH2,39.739886,-8.812392,1081
SH2,39.739927,-8.812363,1082
SH2,39.739967,-8.812333,1083
SH2,39.739979,-8.812296,1084
SH2,39.73999,-8.812276,1085
SH2,39.740002,-8.812261,1086
SH2,39.740027,-8.812244,1087
SH2,39.740057,-8.812235,1088
SH2,39.7402,-8.812057,1089
SH2,39.740261,-8.811985,1090
SH2,39.740315,-8.811933,1091
SH2,39.740589,-8.811666,1092
SH2,39.740755,-8.811507,1093
SH2,39.740874,-8.811389,1094
SH2,39.740929,-8.811327,1095
SH2,39.740982,-8.811257,1096
SH2,39.741024,-8.811192,1097
SH2,39.741317,-8.810676,1098
SH2,39.741336,-8.810647,1099
SH2,39.74139,-8.810563,1100
SH2,39.74144,-8.810603,1101
SH2,39.741483,-8.8106,1102
SH2,39.741519,-8.810609,1103
SH2,39.741558,-8.810629,1104
SH2,39.741649,-8.810718,1105
SH2,39.741711,-8.810801,1106
SH2,39.741806,-8.810856,1107
SH2,39.742168,-8.811063,1108
SH2,39.742302,-8.811143,1109
SH2,39.742285,-8.811324,1110
SH2,39.742199,-8.811334,1111
SH2,39.742033,-8.811782,1112
SH2,39.741911,-8.812138,1113
SH2,39.741895,-8.812193,1114
SH2,39.741884,-8.812239,1115
SH2,39.741877,-8.812298,1116
SH2,39.741874,-8.812332,1117
SH2,39.741871,-8.812365,1118
SH2,39.741887,-8.812389,1119
SH2,39.741897,-8.812417,1120
SH2,39.7419,-8.812448,1121
SH2,39.741896,-8.812479,1122
SH2,39.741885,-8.812506,1123
SH2,39.741896,-8.812545,1124
SH2,39.741907,-8.812583,1125
SH2,39.741927,-8.812639,1126
SH2,39.741955,-8.812702,1127
SH2,39.741981,-8.812756,1128
SH2,39.742011,-8.812804,1129
SH2,39.742039,-8.812844,1130
SH2,39.742069,-8.812878,1131
SH2,39.74211,-8.812916,1132
SH2,39.742176,-8.812966,1133
SH2,39.74225,-8.813019,1134
SH2,39.742576,-8.813257,1135
SH2,39.742626,-8.813297,1136
SH2,39.742686,-8.813352,1137
SH2,39.742733,-8.813403,1138
SH2,39.742769,-8.813453,1139
SH2,39.742844,-8.813433,1140
SH2,39.742877,-8.813436,1141
SH2,39.742915,-8.813451,1142
SH2,39.743066,-8.81352,1143
SH2,39.743011,-8.813495,1144
SH2,39.742915,-8.813451,1145
SH2,39.742877,-8.813436,1146
SH2,39.742844,-8.813433,1147
SH2,39.742769,-8.813453,1148
SH2,39.742733,-8.813403,1149
SH2,39.742686,-8.813352,1150
SH2,39.742626,-8.813297,1151
SH2,39.742576,-8.813257,1152
SH2,39.74225,-8.813019,1153
SH2,39.742176,-8.812966,1154
SH2,39.74211,-8.812916,1155
SH2,39.742069,-8.812878,1156
SH2,39.742039,-8.812844,1157
SH2,39.742011,-8.812804,1158
SH2,39.741981,-8.812756,1159
SH2,39.741955,-8.812702,1160
SH2,39.741927,-8.812639,1161
SH2,39.741907,-8.812583,1162
SH2,39.741896,-8.812545,1163
SH2,39.741885,-8.812506,1164
SH2,39.741868,-8.812528,1165
SH2,39.741847,-8.812543,1166
SH2,39.741824,-8.812549,1167
SH2,39.7418,-8.812546,1168
SH2,39.741779,-8.812535,1169
SH2,39.741763,-8.812519,1170
SH2,39.741751,-8.8125,1171
SH2,39.741743,-8.812477,1172
SH2,39.74174,-8.812452,1173
SH2,39.741741,-8.812427,1174
SH2,39.741748,-8.812398,1175
SH2,39.741762,-8.812372,1176
SH2,39.741781,-8.812354,1177
SH2,39.741804,-8.812343,1178
SH2,39.741828,-8.812341,1179
SH2,39.741851,-8.812349,1180
SH2,39.741871,-8.812365,1181
SH2,39.741874,-8.812332,1182
SH2,39.741877,-8.812298,1183
SH2,39.741884,-8.812239,1184
SH2,39.741895,-8.812193,1185
SH2,39.741911,-8.812138,1186
SH2,39.742033,-8.811782,1187
SH2,39.742199,-8.811334,1188
SH2,39.742205,-8.811199,1189
SH2,39.742251,-8.811172,1190
SH2,39.742302,-8.811143,1191
SH2,39.742497,-8.811299,1192
SH2,39.742499,-8.8113,1193
SH2,39.742527,-8.811325,1194
SH2,39.74259,-8.811389,1195
SH2,39.742642,-8.811439,1196
SH2,39.74298,-8.811814,1197
SH2,39.743084,-8.811866,1198
SH2,39.743108,-8.811881,1199
SH2,39.743158,-8.811913,1200
SH2,39.743234,-8.811951,1201
SH2,39.743253,-8.811959,1202
SH2,39.743318,-8.811981,1203
SH2,39.743374,-8.811992,1204
SH2,39.743402,-8.81198,1205
SH2,39.74343,-8.811977,1206
SH2,39.743459,-8.811983,1207
SH2,39.743485,-8.811999,1208
SH2,39.743508,-8.812023,1209
SH2,39.743563,-8.812027,1210
SH2,39.743674,-8.812017,1211
SH2,39.74371,-8.812014,1212
SH2,39.743799,-8.812019,1213
SH2,39.743852,-8.812024,1214
SH2,39.74407,-8.812055,1215
SH2,39.744131,-8.812063,1216
SH2,39.744158,-8.812067,1217
SH2,39.744354,-8.812096,1218
SH2,39.744468,-8.812127,1219
SH2,39.744543,-8.812159,1220
SH2,39.744835,-8.812304,1221
SH2,39.744875,-8.812323,1222
SH2,39.744927,-8.812367,1223
SH2,39.745035,-8.812482,1224
SH2,39.745279,-8.812759,1225
SH2,39.745419,-8.812947,1226
SH2,39.74545,-8.813028,1227
SH2,39.745693,-8.813774,1228
SH2,39.745733,-8.813958,1229
SH2,39.745745,-8.814015,1230
SH2,39.745766,-8.814117,1231
SH2,39.745816,-8.814292,1232
SH2,39.745861,-8.814469,1233
SH2,39.745894,-8.81459,1234
SH2,39.746057,-8.81518,1235
SH2,39.746101,-8.815315,1236
SH2,39.746125,-8.815367,1237
SH2,39.746155,-8.815398,1238
SH2,39.74618,-8.815412,1239
SH2,39.746213,-8.81543,1240
SH2,39.74626,-8.81545,1241
SH2,39.746335,-8.815466,1242
SH2,39.74636,-8.81546,1243
SH2,39.746385,-8.815461,1244
SH2,39.74641,-8.815468,1245
SH2,39.746466,-8.815456,1246
SH2,39.746519,-8.815444,1247
SH2,39.746567,-8.815427,1248
SH2,39.746593,-8.815413,1249
SH2,39.746623,-8.815387,1250
SH2,39.74671,-8.815274,1251
SH2,39.746843,-8.815103,1252
SH2,39.746906,-8.815096,1253
SH2,39.746926,-8.815094,1254
SH2,39.746936,-8.815093,1255
SH2,39.746853,-8.815189,1256
SH2,39.746664,-8.815436,1257
SH2,39.746549,-8.815581,1258
SH2,39.7465,-8.815632,1259
SH2,39.746498,-8.815657,1260
SH2,39.746494,-8.815681,1261
SH2,39.746482,-8.815715,1262
SH2,39.746464,-8.815745,1263
SH2,39.746442,-8.815768,1264
SH2,39.746416,-8.815785,1265
SH2,39.746389,-8.815794,1266
SH2,39.746373,-8.815796,1267
SH2,39.746358,-8.815795,1268
SH2,39.746315,-8.815779,1269
SH2,39.746279,-8.815746,1270
SH2,39.746254,-8.815698,1271
SH2,39.746244,-8.815657,1272
SH2,39.746242,-8.815615,1273
SH2,39.746251,-8.815565,1274
SH2,39.746271,-8.815522,1275
SH2,39.746299,-8.815488,1276
SH2,39.746335,-8.815466,1277
SH2,39.74636,-8.81546,1278
SH2,39.746385,-8.815461,1279
SH2,39.74641,-8.815468,1280
SH2,39.746466,-8.815456,1281
SH2,39.746519,-8.815444,1282
SH2,39.746567,-8.815427,1283
SH2,39.746593,-8.815413,1284
SH2,39.746623,-8.815387,1285
SH2,39.74671,-8.815274,1286
SH2,39.746843,-8.815103,1287
SH2,39.746919,-8.815013,1288
SH2,39.747016,-8.814895,1289
SH2,39.747115,-8.814755,1290
SH2,39.747197,-8.814635,1291
SH2,39.747299,-8.814478,1292
SH2,39.747362,-8.814336,1293
SH2,39.747388,-8.814266,1294
SH2,39.74741,-8.81421,1295
SH2,39.747433,-8.81414,1296
SH2,39.747461,-8.814014,1297
SH2,39.747483,-8.813885,1298
SH2,39.747497,-8.813788,1299
SH2,39.747519,-8.813635,1300
SH2,39.747526,-8.813302,1301
SH2,39.747532,-8.812991,1302
SH2,39.747534,-8.812911,1303
SH2,39.747537,-8.812809,1304
SH2,39.747542,-8.812706,1305
SH2,39.747554,-8.812596,1306
SH2,39.747561,-8.812531,1307
SH2,39.747572,-8.812457,1308
SH2,39.747599,-8.812324,1309
SH2,39.747625,-8.812219,1310
SH2,39.747655,-8.812115,1311
SH2,39.747722,-8.811902,1312
SH2,39.747745,-8.811846,1313
SH2,39.747779,-8.811761,1314
SH2,39.74785,-8.811601,1315
SH2,39.748141,-8.811,1316
SH2,39.748376,-8.81044,1317
SH2,39.748498,-8.810104,1318
SH2,39.748686,-8.809586,1319
SH2,39.748707,-8.809528,1320
SH2,39.749034,-8.808642,1321
SH2,39.749133,-8.808374,1322
SH2,39.749162,-8.808289,1323
SH2,39.749181,-8.808219,1324
SH2,39.749201,-8.808073,1325
SH2,39.749223,-8.807854,1326
SH2,39.74923,-8.807727,1327
SH2,39.749237,-8.807601,1328
SH2,39.74923,-8.807544,1329
SH2,39.74923,-8.807486,1330
SH2,39.74924,-8.80742,1331
SH2,39.749259,-8.807358,1332
SH2,39.749287,-8.807301,1333
SH2,39.749322,-8.807253,1334
SH2,39.749364,-8.807214,1335
SH2,39.749386,-8.807198,1336
SH2,39.74941,-8.807186,1337
SH2,39.74949,-8.807166,1338
SH2,39.749571,-8.807177,1339
SH2,39.749646,-8.80722,1340
SH2,39.749707,-8.807289,1341
SH2,39.749737,-8.807345,1342
SH2,39.749758,-8.807408,1343
SH2,39.749771,-8.807485,1344
SH2,39.74977,-8.807565,1345
SH2,39.749755,-8.807642,1346
SH2,39.749727,-8.807713,1347
SH2,39.749688,-8.807774,1348
SH2,39.749661,-8.807804,1349
SH2,39.74963,-8.807946,1350
SH2,39.749601,-8.808049,1351
SH2,39.749561,-8.808196,1352
SH2,39.749548,-8.808281,1353
SH2,39.749542,-8.808332,1354
SH2,39.74954,-8.808382,1355
SH2,39.749543,-8.808444,1356
SH2,39.749556,-8.80851,1357
SH2,39.749729,-8.808985,1358
SH2,39.749817,-8.809229,1359
SH2,39.749878,-8.809393,1360
SH2,39.749912,-8.809483,1361
SH2,39.749981,-8.80967,1362
SH2,39.750329,-8.810628,1363
SH2,39.750537,-8.811207,1364
SH2,39.750586,-8.811343,1365
SH2,39.75062,-8.811414,1366
SH2,39.750649,-8.811463,1367
SH2,39.750689,-8.811512,1368
SH2,39.750735,-8.811558,1369
SH2,39.750779,-8.811582,1370
SH2,39.750816,-8.811623,1371
SH2,39.75084,-8.811677,1372
SH2,39.750849,-8.811738,1373
SH2,39.750843,-8.8118,1374
SH2,39.750822,-8.811856,1375
SH2,39.75082,-8.812006,1376
SH2,39.750825,-8.812069,1377
SH2,39.750835,-8.812159,1378
SH2,39.75084,-8.812223,1379
SH2,39.750841,-8.81228,1380
SH2,39.750837,-8.812607,1381
SH2,39.750834,-8.812893,1382
SH2,39.750803,-8.814291,1383
SH2,39.750812,-8.814386,1384
SH2,39.750825,-8.814447,1385
SH2,39.750849,-8.814526,1386
SH2,39.750858,-8.814534,1387
SH2,39.750879,-8.814563,1388
SH2,39.750982,-8.814583,1389
SH2,39.751031,-8.814585,1390
SH2,39.752677,-8.814309,1391
SH2,39.752785,-8.814253,1392
SH2,39.752855,-8.814195,1393
SH2,39.752924,-8.814139,1394
SH2,39.752938,-8.814081,1395
SH2,39.752964,-8.814029,1396
SH2,39.753023,-8.813945,1397
SH2,39.7531,-8.813887,1398
SH2,39.753186,-8.81386,1399
SH2,39.753245,-8.81386,1400
SH2,39.753302,-8.813876,1401
SH2,39.753374,-8.813919,1402
SH2,39.753434,-8.813984,1403
SH2,39.753479,-8.814068,1404
SH2,39.753501,-8.814139,1405
SH2,39.753512,-8.814215,1406
SH2,39.753509,-8.814281,1407
SH2,39.753506,-8.814337,1408
SH2,39.753471,-8.814451,1409
SH2,39.75341,-8.814544,1410
SH2,39.753331,-8.81461,1411
SH2,39.753239,-8.814639,1412
SH2,39.753135,-8.814784,1413
SH2,39.753066,-8.814885,1414
SH2,39.752994,-8.815263,1415
SH2,39.752984,-8.815368,1416
SH2,39.752988,-8.81557,1417
SH2,39.752996,-8.815695,1418
SH2,39.753011,-8.815825,1419
SH2,39.753051,-8.816014,1420
SH2,39.753156,-8.816376,1421
SH2,39.753357,-8.816995,1422
SH2,39.753556,-8.81762,1423
SH2,39.753763,-8.818277,1424
SH2,39.753921,-8.818764,1425
SH2,39.754105,-8.819326,1426
SH2,39.754141,-8.819405,1427
SH2,39.754184,-8.819473,1428
SH2,39.754201,-8.819496,1429
SH2,39.754325,-8.819569,1430
SH2,39.754379,-8.819597,1431
SH2,39.754402,-8.819598,1432
SH2,39.754424,-8.819604,1433
SH2,39.754452,-8.819622,1434
SH2,39.754475,-8.819648,1435
SH2,39.754491,-8.819681,1436
SH2,39.7545,-8.819709,1437
SH2,39.754503,-8.819738,1438
SH2,39.754502,-8.819774,1439
SH2,39.7545,-8.819783,1440
SH2,39.754494,-8.819808,1441
SH2,39.754481,-8.819839,1442
SH2,39.754467,-8.819858,1443
SH2,39.754451,-8.819875,1444
SH2,39.754422,-8.820087,1445
SH2,39.754438,-8.820245,1446
SH2,39.754458,-8.820342,1447
SH2,39.754517,-8.820519,1448
SH2,39.754542,-8.820594,1449
SH2,39.754591,-8.820741,1450
SH2,39.754654,-8.82093,1451
SH2,39.754868,-8.821574,1452
SH2,39.754878,-8.821609,1453
SH2,39.754905,-8.821701,1454
SH2,39.755058,-8.822187,1455
SH2,39.755103,-8.822333,1456
SH2,39.755147,-8.822465,1457
SH2,39.755156,-8.822492,1458
SH2,39.755369,-8.823159,1459
SH2,39.755386,-8.823211,1460
SH2,39.755442,-8.823386,1461
SH2,39.755495,-8.823552,1462
SH2,39.755515,-8.823615,1463
SH2,39.755567,-8.823778,1464
SH2,39.755606,-8.823899,1465
SH2,39.755658,-8.823872,1466
SH2,39.756003,-8.823699,1467
SH2,39.756397,-8.823517,1468
SH2,39.756824,-8.823428,1469
SH2,39.75694,-8.823404,1470
SH2,39.757039,-8.823385,1471
SH2,39.757144,-8.823364,1472
SH2,39.757599,-8.823249,1473
SH2,39.757961,-8.822935,1474
SH2,39.758656,-8.822309,1475
SH2,39.758701,-8.822258,1476
SH2,39.75873,-8.822213,1477
SH2,39.758751,-8.82217,1478
SH2,39.758886,-8.821602,1479
SH2,39.758941,-8.821622,1480
SH2,39.758962,-8.821629,1481
SH2,39.759179,-8.821858,1482
SH2,39.759417,-8.822049,1483
SH2,39.759724,-8.82224,1484
SH2,39.759733,-8.822215,1485
SH2,39.759741,-8.822189,1486
SH2,39.759725,-8.821529,1487
SH2,39.759708,-8.821139,1488
SH2,39.759713,-8.821097,1489
SH2,39.759723,-8.821069,1490
SH2,39.759734,-8.821032,1491
SH2,39.759846,-8.821135,1492
SH2,39.759963,-8.821236,1493
SH2,39.760061,-8.821319,1494
SH2,39.76012,-8.821362,1495
SH2,39.760168,-8.821397,1496
SH2,39.760224,-8.821424,1497
SH2,39.760432,-8.821512,1498
SH2,39.760508,-8.821543,1499
SH2,39.76061,-8.821581,1500
SH2,39.760874,-8.821678,1501
SH2,39.761128,-8.821771,1502
SH2,39.761443,-8.821883,1503
SH2,39.761478,-8.821896,1504
SH2,39.761577,-8.821931,1505
SH2,39.761633,-8.821951,1506
SH2,39.761727,-8.821986,1507
SH2,39.762037,-8.822115,1508
SH2,39.76214,-8.822159,1509
SH2,39.762311,-8.822246,1510
SH2,39.762359,-8.822269,1511
SH2,39.762379,-8.822282,1512
SH2,39.762484,-8.82235,1513
SH2,39.762698,-8.822514,1514
SH2,39.762836,-8.822579,1515
SH2,39.763017,-8.822705,1516
SH2,39.763223,-8.82286,1517
SH2,39.763278,-8.822914,1518
SH2,39.763389,-8.822974,1519
SH2,39.763478,-8.823009,1520
SH2,39.763555,-8.823032,1521
SH2,39.763801,-8.823079,1522
SH2,39.763799,-8.823135,1523
SH2,39.763812,-8.823182,1524
SH2,39.763841,-8.823229,1525
SH2,39.764003,-8.823427,1526
SH2,39.764118,-8.823564,1527
SH2,39.764223,-8.823664,1528
SH2,39.764383,-8.823802,1529
SH2,39.764148,-8.824927,1530
SH2,39.764109,-8.825114,1531
SH2,39.763072,-8.824757,1532
SH2,39.762189,-8.824443,1533
SH2,39.762104,-8.82442,1534
SH2,39.761711,-8.824301,1535
SH2,39.761463,-8.824226,1536
SH2,39.761238,-8.8241,1537
SH2,39.761155,-8.82404,1538
SH2,39.761098,-8.823995,1539
SH2,39.761058,-8.823963,1540
SH2,39.76104,-8.823957,1541
SH2,39.760897,-8.823979,1542
SH2,39.760874,-8.823994,1543
SH2,39.760389,-8.824296,1544
SH2,39.760331,-8.824338,1545
SH2,39.760226,-8.82443,1546
SH2,39.760115,-8.824536,1547
SH2,39.75995,-8.824694,1548
SH2,39.759875,-8.824763,1549
SH2,39.759841,-8.824788,1550
SH2,39.759816,-8.824805,1551
SH2,39.759783,-8.824826,1552
SH2,39.759717,-8.824862,1553
SH2,39.759644,-8.824895,1554
SH2,39.759481,-8.824964,1555
SH2,39.759336,-8.825024,1556
SH2,39.759259,-8.825072,1557
SH2,39.759205,-8.825114,1558
SH2,39.759176,-8.825143,1559
SH2,39.759142,-8.825181,1560
SH2,39.759007,-8.825353,1561
SH2,39.75883,-8.825581,1562
SH2,39.758193,-8.826388,1563
SH2,39.758123,-8.826468,1564
SH2,39.758071,-8.826516,1565
SH2,39.758022,-8.826555,1566
SH2,39.757485,-8.826931,1567
SH2,39.756851,-8.827333,1568
SH2,39.756816,-8.827348,1569
SH2,39.756709,-8.827363,1570
SH2,39.756629,-8.827369,1571
SH2,39.756629,-8.827319,1572
SH2,39.756628,-8.827257,1573
SH2,39.756624,-8.827212,1574
SH2,39.756621,-8.827169,1575
SH2,39.756617,-8.827138,1576
SH2,39.756612,-8.827105,1577
SH2,39.756601,-8.827036,1578
SH2,39.756536,-8.826786,1579
SH2,39.756478,-8.826601,1580
SH2,39.756356,-8.826213,1581
SH2,39.756295,-8.82602,1582
SH2,39.756244,-8.825858,1583
SH2,39.756098,-8.825412,1584
SH2,39.755978,-8.825046,1585
SH2,39.755758,-8.824375,1586
SH2,39.755606,-8.823899,1587
SH2,39.755567,-8.823778,1588
SH2,39.755515,-8.823615,1589
SH2,39.755442,-8.823386,1590
SH2,39.755386,-8.823211,1591
SH2,39.755369,-8.823159,1592
SH2,39.755285,-8.822897,1593
SH2,39.755156,-8.822492,1594
SH2,39.755147,-8.822465,1595
SH2,39.755103,-8.822333,1596
SH2,39.755058,-8.822187,1597
SH2,39.754905,-8.821701,1598
SH2,39.754878,-8.821609,1599
SH2,39.754868,-8.821574,1600
SH2,39.754654,-8.82093,1601
SH2,39.754591,-8.820741,1602
SH2,39.754569,-8.820675,1603
SH2,39.754517,-8.820519,1604
SH2,39.754458,-8.820342,1605
SH2,39.754438,-8.820245,1606
SH2,39.754422,-8.820087,1607
SH2,39.754361,-8.819928,1608
SH2,39.754349,-8.819892,1609
SH2,39.754322,-8.819874,1610
SH2,39.754299,-8.819848,1611
SH2,39.754285,-8.819824,1612
SH2,39.754272,-8.819773,1613
SH2,39.754271,-8.819728,1614
SH2,39.754201,-8.819496,1615
SH2,39.754184,-8.819473,1616
SH2,39.754141,-8.819405,1617
SH2,39.754105,-8.819326,1618
SH2,39.753921,-8.818764,1619
SH2,39.753763,-8.818277,1620
SH2,39.753556,-8.81762,1621
SH2,39.753357,-8.816995,1622
SH2,39.753156,-8.816376,1623
SH2,39.753051,-8.816014,1624
SH2,39.753011,-8.815825,1625
SH2,39.752996,-8.815695,1626
SH2,39.752988,-8.81557,1627
SH2,39.752984,-8.815368,1628
SH2,39.752994,-8.815263,1629
SH2,39.753066,-8.814885,1630
SH2,39.753049,-8.814759,1631
SH2,39.753034,-8.814642,1632
SH2,39.75302,-8.81455,1633
SH2,39.752978,-8.814495,1634
SH2,39.752946,-8.814431,1635
SH2,39.752919,-8.814335,1636
SH2,39.752912,-8.814234,1637
SH2,39.752924,-8.814139,1638
SH2,39.752938,-8.814081,1639
SH2,39.752909,-8.813957,1640
SH2,39.752846,-8.813807,1641
SH2,39.752721,-8.813543,1642
SH2,39.752692,-8.813458,1643
SH2,39.752641,-8.813314,1644
SH2,39.752599,-8.813158,1645
SH2,39.752572,-8.813016,1646
SH2,39.752355,-8.811889,1647
SH2,39.752084,-8.810408,1648
SH2,39.751781,-8.808823,1649
SH2,39.751756,-8.808693,1650
SH2,39.751747,-8.808645,1651
SH2,39.751573,-8.807757,1652
SH2,39.751551,-8.807641,1653
SH2,39.751538,-8.807589,1654
SH2,39.751516,-8.807522,1655
SH2,39.751464,-8.807429,1656
SH2,39.751426,-8.807358,1657
SH2,39.751402,-8.807283,1658
SH2,39.751398,-8.807246,1659
SH2,39.751399,-8.807215,1660
SH2,39.751402,-8.807173,1661
SH2,39.75143,-8.807128,1662
SH2,39.751449,-8.807112,1663
SH2,39.751469,-8.807101,1664
SH2,39.75149,-8.807094,1665
SH2,39.751513,-8.807094,1666
SH2,39.751535,-8.8071,1667
SH2,39.751556,-8.807111,1668
SH2,39.751572,-8.807125,1669
SH2,39.751588,-8.807145,1670
SH2,39.751607,-8.807172,1671
SH2,39.751628,-8.807212,1672
SH2,39.75166,-8.807289,1673
SH2,39.751681,-8.807348,1674
SH2,39.75181,-8.807416,1675
SH2,39.751903,-8.807456,1676
SH2,39.751963,-8.807489,1677
SH2,39.752042,-8.80754,1678
SH2,39.752086,-8.807578,1679
SH2,39.752122,-8.807615,1680
SH2,39.75218,-8.807684,1681
SH2,39.752236,-8.807776,1682
SH2,39.752283,-8.807872,1683
SH2,39.752319,-8.807961,1684
SH2,39.752345,-8.808053,1685
SH2,39.75236,-8.808126,1686
SH2,39.752372,-8.808215,1687
SH2,39.752376,-8.808307,1688
SH2,39.752377,-8.808411,1689
SH2,39.752377,-8.808453,1690
SH2,39.752379,-8.808774,1691
SH2,39.752383,-8.808901,1692
SH2,39.752391,-8.808994,1693
SH2,39.752407,-8.80908,1694
SH2,39.752434,-8.809156,1695
SH2,39.752467,-8.809229,1696
SH2,39.75251,-8.809297,1697
SH2,39.752562,-8.809364,1698
SH2,39.752608,-8.809415,1699
SH2,39.752664,-8.809461,1700
SH2,39.752758,-8.809525,1701
SH2,39.75343,-8.810025,1702
SH2,39.753524,-8.810107,1703
SH2,39.753597,-8.810171,1704
SH2,39.753659,-8.810238,1705
SH2,39.753714,-8.810305,1706
SH2,39.75376,-8.810364,1707
SH2,39.753805,-8.810424,1708
SH2,39.75388,-8.810533,1709
SH2,39.753941,-8.810639,1710
SH2,39.753994,-8.810744,1711
SH2,39.754038,-8.81085,1712
SH2,39.754083,-8.810972,1713
SH2,39.754118,-8.811085,1714
SH2,39.754149,-8.811205,1715
SH2,39.754173,-8.811321,1716
SH2,39.754192,-8.811411,1717
SH2,39.754207,-8.811502,1718
SH2,39.754218,-8.811624,1719
SH2,39.754225,-8.811747,1720
SH2,39.754227,-8.81186,1721
SH2,39.754223,-8.81196,1722
SH2,39.754214,-8.812059,1723
SH2,39.7542,-8.812182,1724
SH2,39.754213,-8.8123,1725
SH2,39.75424,-8.812538,1726
SH2,39.754275,-8.81272,1727
SH2,39.75426,-8.812758,1728
SH2,39.754185,-8.812954,1729
SH2,39.754168,-8.812941,1730
SH2,39.754144,-8.812939,1731
SH2,39.754105,-8.812944,1732
SH2,39.754056,-8.812964,1733
SH2,39.753998,-8.812997,1734
SH2,39.753917,-8.813029,1735
SH2,39.753809,-8.813224,1736
SH2,39.75366,-8.81351,1737
SH2,39.753649,-8.813556,1738
SH2,39.753635,-8.8136,1739
SH2,39.753592,-8.813709,1740
SH2,39.753536,-8.813831,1741
SH2,39.753502,-8.813951,1742
SH2,39.753479,-8.814068,1743
SH2,39.753501,-8.814139,1744
SH2,39.753512,-8.814215,1745
SH2,39.753509,-8.814281,1746
SH2,39.753506,-8.814337,1747
SH2,39.753471,-8.814451,1748
SH2,39.75341,-8.814544,1749
SH2,39.753331,-8.81461,1750
SH2,39.753239,-8.814639,1751
SH2,39.753161,-8.814635,1752
SH2,39.753086,-8.814605,1753
SH2,39.75302,-8.81455,1754
SH2,39.752978,-8.814495,1755
SH2,39.752946,-8.814431,1756
SH2,39.752919,-8.814335,1757
SH2,39.752912,-8.814234,1758
SH2,39.752924,-8.814139,1759
SH2,39.752938,-8.814081,1760
SH2,39.752964,-8.814029,1761
SH2,39.753023,-8.813945,1762
SH2,39.7531,-8.813887,1763
SH2,39.753186,-8.81386,1764
SH2,39.753245,-8.81386,1765
SH2,39.753302,-8.813876,1766
SH2,39.7534,-8.813813,1767
SH2,39.753453,-8.813767,1768
SH2,39.753496,-8.81372,1769
SH2,39.753535,-8.813661,1770
SH2,39.753585,-8.813585,1771
SH2,39.753616,-8.813547,1772
SH2,39.75366,-8.81351,1773
SH2,39.753809,-8.813224,1774
SH2,39.753917,-8.813029,1775
SH2,39.753972,-8.812925,1776
SH2,39.754014,-8.81283,1777
SH2,39.754053,-8.812728,1778
SH2,39.754092,-8.81262,1779
SH2,39.754126,-8.812512,1780
SH2,39.754167,-8.812358,1781
SH2,39.754184,-8.812273,1782
SH2,39.7542,-8.812182,1783
SH2,39.754214,-8.812059,1784
SH2,39.754223,-8.81196,1785
SH2,39.754227,-8.81186,1786
SH2,39.754225,-8.811747,1787
SH2,39.754218,-8.811624,1788
SH2,39.754207,-8.811502,1789
SH2,39.754192,-8.811411,1790
SH2,39.754173,-8.811321,1791
SH2,39.754149,-8.811205,1792
SH2,39.754118,-8.811085,1793
SH2,39.754083,-8.810972,1794
SH2,39.754038,-8.81085,1795
SH2,39.753994,-8.810744,1796
SH2,39.753941,-8.810639,1797
SH2,39.75388,-8.810533,1798
SH2,39.753805,-8.810424,1799
SH2,39.75376,-8.810364,1800
SH2,39.753714,-8.810305,1801
SH2,39.753659,-8.810238,1802
SH2,39.753597,-8.810171,1803
SH2,39.753524,-8.810107,1804
SH2,39.75343,-8.810025,1805
SH2,39.752758,-8.809525,1806
SH2,39.752664,-8.809461,1807
SH2,39.752608,-8.809415,1808
SH2,39.752562,-8.809364,1809
SH2,39.75251,-8.809297,1810
SH2,39.752467,-8.809229,1811
SH2,39.752434,-8.809156,1812
SH2,39.752407,-8.80908,1813
SH2,39.752391,-8.808994,1814
SH2,39.752383,-8.808901,1815
SH2,39.752379,-8.808774,1816
SH2,39.752378,-8.808655,1817
SH2,39.752377,-8.808453,1818
SH2,39.752377,-8.808411,1819
SH2,39.752376,-8.808307,1820
SH2,39.752372,-8.808215,1821
SH2,39.75236,-8.808126,1822
SH2,39.752345,-8.808053,1823
SH2,39.752319,-8.807961,1824
SH2,39.752283,-8.807872,1825
SH2,39.752236,-8.807776,1826
SH2,39.75218,-8.807684,1827
SH2,39.752154,-8.807653,1828
SH2,39.752122,-8.807615,1829
SH2,39.752086,-8.807578,1830
SH2,39.752042,-8.80754,1831
SH2,39.751963,-8.807489,1832
SH2,39.751903,-8.807456,1833
SH2,39.75181,-8.807416,1834
SH2,39.751717,-8.807459,1835
SH2,39.751679,-8.807476,1836
SH2,39.751663,-8.807504,1837
SH2,39.751648,-8.807522,1838
SH2,39.751629,-8.807537,1839
SH2,39.75161,-8.807547,1840
SH2,39.751587,-8.80755,1841
SH2,39.751563,-8.807545,1842
SH2,39.751544,-8.807537,1843
SH2,39.751516,-8.807522,1844
SH2,39.751464,-8.807429,1845
SH2,39.751426,-8.807358,1846
SH2,39.751253,-8.807272,1847
SH2,39.751105,-8.807285,1848
SH2,39.751041,-8.807295,1849
SH2,39.75097,-8.807313,1850
SH2,39.750858,-8.807348,1851
SH2,39.750827,-8.807359,1852
SH2,39.750428,-8.807504,1853
SH2,39.750399,-8.807515,1854
SH2,39.749973,-8.807591,1855
SH2,39.749851,-8.807668,1856
SH2,39.749785,-8.807707,1857
SH2,39.749688,-8.807774,1858
SH2,39.749661,-8.807804,1859
SH2,39.749618,-8.807837,1860
SH2,39.749572,-8.807859,1861
SH2,39.749523,-8.80787,1862
SH2,39.749473,-8.80787,1863
SH2,39.749433,-8.80786,1864
SH2,39.749365,-8.807824,1865
SH2,39.749307,-8.807766,1866
SH2,39.749263,-8.80769,1867
SH2,39.749237,-8.807601,1868
SH2,39.74923,-8.807544,1869
SH2,39.74923,-8.807486,1870
SH2,39.749145,-8.807326,1871
SH2,39.749042,-8.807092,1872
SH2,39.749017,-8.807022,1873
SH2,39.748933,-8.806775,1874
SH2,39.748633,-8.805902,1875
SH2,39.748586,-8.805768,1876
SH2,39.748578,-8.805746,1877
SH2,39.748539,-8.805637,1878
SH2,39.748502,-8.805549,1879
SH2,39.748463,-8.805479,1880
SH2,39.748423,-8.805418,1881
SH2,39.74838,-8.805372,1882
SH2,39.748332,-8.805332,1883
SH2,39.748288,-8.805306,1884
SH2,39.748236,-8.805293,1885
SH2,39.748182,-8.805284,1886
SH2,39.748127,-8.805279,1887
SH2,39.748045,-8.80528,1888
SH2,39.747959,-8.805285,1889
SH2,39.747656,-8.805293,1890
SH2,39.747577,-8.805295,1891
SH2,39.747442,-8.805295,1892
SH2,39.747134,-8.805297,1893
SH2,39.747063,-8.805299,1894
SH2,39.746983,-8.8053,1895
SH2,39.746917,-8.805305,1896
SH2,39.746866,-8.805312,1897
SH2,39.746798,-8.805335,1898
SH2,39.74671,-8.805367,1899
SH2,39.746584,-8.80542,1900
SH2,39.746474,-8.80547,1901
SH2,39.746028,-8.805714,1902
SH2,39.745852,-8.805817,1903
SH2,39.745678,-8.805919,1904
SH2,39.745618,-8.805959,1905
SH2,39.745569,-8.805991,1906
SH2,39.745546,-8.806006,1907
SH2,39.745479,-8.805988,1908
SH2,39.745437,-8.805972,1909
SH2,39.745408,-8.805954,1910
SH2,39.745383,-8.80593,1911
SH2,39.745346,-8.805885,1912
SH2,39.745334,-8.805827,1913
SH2,39.745329,-8.805773,1914
SH2,39.745325,-8.805725,1915
SH2,39.745333,-8.805665,1916
SH2,39.74535,-8.805614,1917
SH2,39.745375,-8.805571,1918
SH2,39.745407,-8.805527,1919
SH2,39.745763,-8.805133,1920
SH2,39.746183,-8.804682,1921
SH2,39.74623,-8.804635,1922
SH2,39.746249,-8.804591,1923
SH2,39.746261,-8.804561,1924
SH2,39.746286,-8.804506,1925
SH2,39.74631,-8.804473,1926
SH2,39.746331,-8.804449,1927
SH2,39.746381,-8.804401,1928
SH2,39.746389,-8.804372,1929
SH2,39.74639,-8.804339,1930
SH2,39.746383,-8.804302,1931
SH2,39.746241,-8.804083,1932
SH2,39.746202,-8.804017,1933
SH2,39.7462,-8.80399,1934
SH2,39.746211,-8.803964,1935
SH2,39.746299,-8.803861,1936
SH2,39.746422,-8.804039,1937
SH9,39.746079,-8.809078,1
SH9,39.746343,-8.808653,2
SH9,39.746354,-8.808618,3
SH9,39.746395,-8.808449,4
SH9,39.7464,-8.808428,5
SH9,39.746384,-8.808264,6
SH9,39.74643,-8.807904,7
SH9,39.74643,-8.807865,8
SH9,39.746428,-8.80781,9
SH9,39.746445,-8.807684,10
SH9,39.7464,-8.807361,11
SH9,39.746391,-8.80727,12
SH9,39.746389,-8.807201,13
SH9,39.746441,-8.806875,14
SH9,39.746506,-8.806599,15
SH9,39.746556,-8.806388,16
SH9,39.746583,-8.806304,17
SH9,39.746606,-8.806255,18
SH9,39.746659,-8.806191,19
SH9,39.747068,-8.805763,20
SH9,39.747113,-8.80574,21
SH9,39.747154,-8.805728,22
SH9,39.747203,-8.805723,23
SH9,39.747221,-8.805724,24
SH9,39.74723,-8.805724,25
SH9,39.74727,-8.805733,26
SH9,39.747538,-8.805891,27
SH9,39.747815,-8.80608,28
SH9,39.747916,-8.80619,29
SH9,39.747977,-8.806268,30
SH9,39.748027,-8.806353,31
SH9,39.74808,-8.806481,32
SH9,39.7482,-8.806918,33
SH9,39.748349,-8.807462,34
SH9,39.748365,-8.80751,35
SH9,39.748395,-8.807544,36
SH9,39.748427,-8.807565,37
SH9,39.748463,-8.807583,38
SH9,39.748528,-8.807605,39
SH9,39.74859,-8.807613,40
SH9,39.748778,-8.807623,41
SH9,39.748996,-8.807635,42
SH9,39.749024,-8.807645,43
SH9,39.749045,-8.807669,44
SH9,39.749053,-8.807696,45
SH9,39.749057,-8.807745,46
SH9,39.749051,-8.808146,47
SH9,39.749108,-8.808176,48
SH9,39.749181,-8.808219,49
SH9,39.749201,-8.808073,50
SH9,39.749223,-8.807854,51
SH9,39.74923,-8.807727,52
SH9,39.749237,-8.807601,53
SH9,39.74923,-8.807544,54
SH9,39.74923,-8.807486,55
SH9,39.74924,-8.80742,56
SH9,39.749259,-8.807358,57
SH9,39.749287,-8.807301,58
SH9,39.749322,-8.807253,59
SH9,39.749364,-8.807214,60
SH9,39.749386,-8.807198,61
SH9,39.74941,-8.807186,62
SH9,39.749574,-8.806914,63
SH9,39.749712,-8.805927,64
SH9,39.749528,-8.805881,65
SH9,39.749436,-8.805859,66
SH9,39.749421,-8.805855,67
SH9,39.749018,-8.805755,68
SH9,39.748967,-8.805724,69
SH9,39.748943,-8.805696,70
SH9,39.748921,-8.80566,71
SH9,39.748831,-8.805306,72
SH9,39.748852,-8.805138,73
SH9,39.748964,-8.804519,74
SH9,39.748915,-8.804284,75
SH9,39.748749,-8.804197,76
SH9,39.748678,-8.804159,77
SH9,39.748635,-8.804139,78
SH9,39.748437,-8.804038,79
SH9,39.748404,-8.804029,80
SH9,39.748377,-8.804029,81
SH9,39.748338,-8.804039,82
SH9,39.748317,-8.804053,83
SH9,39.748297,-8.804068,84
SH9,39.748255,-8.804122,85
SH9,39.748246,-8.804158,86
SH9,39.748156,-8.804516,87
SH9,39.74799,-8.805165,88
SH9,39.747959,-8.805285,89
SH9,39.747656,-8.805293,90
SH9,39.747577,-8.805295,91
SH9,39.747442,-8.805295,92
SH9,39.747134,-8.805297,93
SH9,39.747063,-8.805299,94
SH9,39.746999,-8.8053,95
SH9,39.746983,-8.8053,96
SH9,39.746917,-8.805305,97
SH9,39.746866,-8.805312,98
SH9,39.746798,-8.805335,99
SH9,39.74671,-8.805367,100
SH9,39.746584,-8.80542,101
SH9,39.746474,-8.80547,102
SH9,39.746028,-8.805714,103
SH9,39.745678,-8.805919,104
SH9,39.745691,-8.805959,105
SH9,39.745717,-8.806012,106
SH9,39.745806,-8.806142,107
SH9,39.745896,-8.806244,108
SH9,39.745902,-8.806252,109
SH9,39.745904,-8.806261,110
SH9,39.745904,-8.806272,111
SH9,39.745903,-8.806282,112
SH9,39.745834,-8.806615,113
SH9,39.745738,-8.80706,114
SH9,39.745714,-8.807238,115
SH9,39.745409,-8.807054,116
SH9,39.745334,-8.807003,117
SH9,39.745269,-8.806947,118
SH9,39.745245,-8.806912,119
SH9,39.745228,-8.806877,120
SH9,39.745221,-8.806852,121
SH9,39.745221,-8.806827,122
SH9,39.745227,-8.806805,123
SH9,39.745242,-8.806792,124
SH9,39.74532,-8.806777,125
SH9,39.745351,-8.806771,126
SH9,39.745476,-8.806736,127
SH9,39.745497,-8.806722,128
SH9,39.74552,-8.806688,129
SH9,39.745578,-8.80658,130
SH9,39.745616,-8.806509,131
SH9,39.745806,-8.806142,132
SH9,39.745717,-8.806012,133
SH9,39.745691,-8.805959,134
SH9,39.745678,-8.805919,135
SH9,39.745618,-8.805959,136
SH9,39.745569,-8.805991,137
SH9,39.745546,-8.806006,138
SH9,39.745468,-8.80607,139
SH9,39.745355,-8.806164,140
SH9,39.745082,-8.806487,141
SH9,39.744765,-8.806832,142
SH9,39.744611,-8.80699,143
SH9,39.744421,-8.807186,144
SH9,39.744388,-8.807215,145
SH9,39.744365,-8.807224,146
SH9,39.74434,-8.807224,147
SH9,39.74431,-8.807218,148
SH9,39.744277,-8.807205,149
SH9,39.744216,-8.807161,150
SH9,39.744045,-8.806898,151
SH9,39.743842,-8.806597,152
SH9,39.743805,-8.806545,153
SH9,39.743777,-8.806518,154
SH9,39.743747,-8.806498,155
SH9,39.743707,-8.806482,156
SH9,39.743658,-8.806475,157
SH9,39.743586,-8.80647,158
SH9,39.743471,-8.806535,159
SH9,39.743428,-8.806566,160
SH9,39.743421,-8.806594,161
SH9,39.743408,-8.806619,162
SH9,39.743384,-8.806649,163
SH9,39.743355,-8.806667,164
SH9,39.743322,-8.806673,165
SH9,39.74329,-8.806665,166
SH9,39.743261,-8.806645,167
SH9,39.743245,-8.806626,168
SH9,39.743232,-8.806603,169
SH9,39.74322,-8.806565,170
SH9,39.743218,-8.806524,171
SH9,39.743225,-8.806484,172
SH9,39.74324,-8.806449,173
SH9,39.743264,-8.806419,174
SH9,39.743232,-8.806287,175
SH9,39.743121,-8.805857,176
SH9,39.743058,-8.805586,177
SH9,39.743011,-8.805411,178
SH9,39.742925,-8.805098,179
SH9,39.742798,-8.80457,180
SH9,39.742758,-8.804432,181
SH9,39.742743,-8.804378,182
SH9,39.742708,-8.804244,183
SH9,39.742656,-8.804115,184
SH9,39.742571,-8.803951,185
SH9,39.74253,-8.803861,186
SH9,39.742567,-8.803738,187
SH9,39.7426,-8.803698,188
SH9,39.742621,-8.803672,189
SH9,39.742842,-8.803401,190
SH9,39.743101,-8.803088,191
SH9,39.743232,-8.802962,192
SH9,39.743291,-8.803178,193
SH9,39.743486,-8.803927,194
SH9,39.743548,-8.804167,195
SH9,39.743576,-8.804294,196
SH9,39.743599,-8.804245,197
SH9,39.743633,-8.804169,198
SH9,39.743702,-8.803972,199
SH9,39.743733,-8.803929,200
SH9,39.743769,-8.803893,201
SH9,39.74378,-8.803885,202
SH9,39.743818,-8.803857,203
SH9,39.743869,-8.803837,204
SH9,39.743946,-8.803654,205
SH9,39.743977,-8.803609,206
SH9,39.744012,-8.803577,207
SH9,39.744193,-8.803461,208
SH9,39.74443,-8.803282,209
SH9,39.744193,-8.803461,210
SH9,39.744012,-8.803577,211
SH9,39.743977,-8.803609,212
SH9,39.743946,-8.803654,213
SH9,39.743869,-8.803837,214
SH9,39.743818,-8.803857,215
SH9,39.743769,-8.803893,216
SH9,39.743733,-8.803929,217
SH9,39.743702,-8.803972,218
SH9,39.743633,-8.804169,219
SH9,39.743599,-8.804245,220
SH9,39.743576,-8.804294,221
SH9,39.743598,-8.804403,222
SH9,39.743607,-8.804532,223
SH9,39.743608,-8.804758,224
SH9,39.743607,-8.804815,225
SH9,39.743606,-8.804872,226
SH9,39.743599,-8.805333,227
SH9,39.743596,-8.805464,228
SH9,39.743571,-8.80564,229
SH9,39.743562,-8.805736,230
SH9,39.743393,-8.806289,231
SH9,39.743388,-8.806353,232
SH9,39.743389,-8.806424,233
SH9,39.743402,-8.806439,234
SH9,39.743414,-8.806458,235
SH9,39.743426,-8.806492,236
SH9,39.743431,-8.806528,237
SH9,39.743428,-8.806566,238
SH9,39.743421,-8.806594,239
SH9,39.743408,-8.806619,240
SH9,39.743384,-8.806649,241
SH9,39.743355,-8.806667,242
SH9,39.743322,-8.806673,243
SH9,39.74329,-8.806665,244
SH9,39.743261,-8.806645,245
SH9,39.743245,-8.806626,246
SH9,39.743232,-8.806603,247
SH9,39.74322,-8.806565,248
SH9,39.743218,-8.806524,249
SH9,39.743225,-8.806484,250
SH9,39.74324,-8.806449,251
SH9,39.743264,-8.806419,252
SH9,39.743232,-8.806287,253
SH9,39.743121,-8.805857,254
SH9,39.743058,-8.805586,255
SH9,39.743011,-8.805411,256
SH9,39.742925,-8.805098,257
SH9,39.742798,-8.80457,258
SH9,39.742758,-8.804432,259
SH9,39.742743,-8.804378,260
SH9,39.742708,-8.804244,261
SH9,39.742656,-8.804115,262
SH9,39.742571,-8.803951,263
SH9,39.74253,-8.803861,264
SH9,39.742567,-8.803738,265
SH9,39.7426,-8.803698,266
SH9,39.742621,-8.803672,267
SH9,39.742842,-8.803401,268
SH9,39.743101,-8.803088,269
SH9,39.743232,-8.802962,270
SH9,39.743169,-8.80268,271
SH9,39.743142,-8.802597,272
SH9,39.74311,-8.802538,273
SH9,39.743029,-8.802439,274
SH9,39.742689,-8.802026,275
SH9,39.742569,-8.801881,276
SH9,39.741739,-8.80087,277
SH9,39.741699,-8.800809,278
SH9,39.741669,-8.800753,279
SH9,39.741615,-8.800589,280
SH9,39.741514,-8.800233,281
SH9,39.741597,-8.800201,282
SH9,39.74149,-8.799797,283
SH9,39.741455,-8.799656,284
SH9,39.741427,-8.799526,285
SH9,39.741426,-8.799519,286
SH9,39.741408,-8.799414,287
SH9,39.741402,-8.799332,288
SH9,39.741403,-8.799255,289
SH9,39.741413,-8.799166,290
SH9,39.741433,-8.799082,291
SH9,39.741463,-8.799008,292
SH9,39.741524,-8.798873,293
SH9,39.741572,-8.798783,294
SH9,39.74161,-8.798726,295
SH9,39.741647,-8.798688,296
SH9,39.742112,-8.798397,297
SH9,39.742096,-8.798307,298
SH9,39.74218,-8.798253,299
SH9,39.742259,-8.798203,300
SH9,39.742293,-8.798331,301
SH9,39.742298,-8.798393,302
SH9,39.742292,-8.798446,303
SH9,39.742276,-8.798532,304
SH9,39.742252,-8.798615,305
SH9,39.742229,-8.798679,306
SH9,39.742202,-8.798734,307
SH9,39.74217,-8.798789,308
SH9,39.741944,-8.799119,309
SH9,39.741912,-8.799171,310
SH9,39.741888,-8.799224,311
SH9,39.741872,-8.799284,312
SH9,39.741867,-8.799351,313
SH9,39.741869,-8.799418,314
SH9,39.741876,-8.799476,315
SH9,39.741888,-8.799527,316
SH9,39.741913,-8.799578,317
SH9,39.741939,-8.799618,318
SH9,39.742043,-8.799736,319
SH9,39.742084,-8.799774,320
SH9,39.742129,-8.799802,321
SH9,39.742203,-8.799835,322
SH9,39.742208,-8.799788,323
SH9,39.742217,-8.799745,324
SH9,39.742374,-8.799369,325
SH9,39.742411,-8.799303,326
SH9,39.742442,-8.799272,327
SH9,39.74248,-8.799249,328
SH9,39.742603,-8.799202,329
SH9,39.742765,-8.799141,330
SH9,39.742815,-8.79913,331
SH9,39.742867,-8.799124,332
SH9,39.742954,-8.799135,333
SH9,39.743117,-8.799155,334
SH9,39.743223,-8.799144,335
SH9,39.743326,-8.799112,336
SH9,39.743454,-8.799066,337
SH9,39.743527,-8.799032,338
SH9,39.74361,-8.798977,339
SH9,39.743697,-8.798913,340
SH9,39.743849,-8.798792,341
SH9,39.743904,-8.798751,342
SH9,39.743974,-8.798714,343
SH9,39.744115,-8.798656,344
SH9,39.744229,-8.79862,345
SH9,39.744353,-8.798588,346
SH9,39.744444,-8.798571,347
SH9,39.744539,-8.798569,348
SH9,39.744573,-8.798576,349
SH9,39.744604,-8.798581,350
SH9,39.744662,-8.798602,351
SH9,39.744661,-8.798677,352
SH9,39.74467,-8.798776,353
SH9,39.74478,-8.799568,354
SH9,39.744786,-8.799618,355
SH9,39.744793,-8.799668,356
SH9,39.744802,-8.799791,357
SH9,39.744802,-8.799926,358
SH9,39.744797,-8.800016,359
SH9,39.74479,-8.800117,360
SH9,39.744782,-8.800232,361
SH9,39.744769,-8.80033,362
SH9,39.744747,-8.800427,363
SH9,39.744724,-8.800488,364
SH9,39.744556,-8.800947,365
SH9,39.744498,-8.801094,366
SH9,39.744453,-8.801197,367
SH9,39.744402,-8.8013,368
SH9,39.744184,-8.801648,369
SH9,39.744163,-8.80168,370
SH9,39.744148,-8.801703,371
SH9,39.744106,-8.801748,372
SH9,39.744062,-8.801786,373
SH9,39.744008,-8.801815,374
SH9,39.743952,-8.801826,375
SH9,39.743889,-8.801824,376
SH9,39.743822,-8.801807,377
SH9,39.743466,-8.801618,378
SH9,39.743398,-8.801592,379
SH9,39.743323,-8.80157,380
SH9,39.743241,-8.801552,381
SH9,39.743161,-8.801538,382
SH9,39.743068,-8.801524,383
SH9,39.742996,-8.801519,384
SH9,39.742939,-8.801518,385
SH9,39.742885,-8.80153,386
SH9,39.742845,-8.801552,387
SH9,39.742805,-8.801599,388
SH9,39.742781,-8.80165,389
SH9,39.742763,-8.801712,390
SH9,39.742758,-8.801779,391
SH9,39.742764,-8.801845,392
SH9,39.742781,-8.801906,393
SH9,39.74281,-8.801969,394
SH9,39.743117,-8.802356,395
SH9,39.743141,-8.802419,396
SH9,39.743143,-8.802451,397
SH9,39.743143,-8.802478,398
SH9,39.74313,-8.802514,399
SH9,39.74311,-8.802538,400
SH9,39.743142,-8.802597,401
SH9,39.743169,-8.80268,402
SH9,39.743232,-8.802962,403
SH9,39.743291,-8.803178,404
SH9,39.743486,-8.803927,405
SH9,39.743548,-8.804167,406
SH9,39.743576,-8.804294,407
SH9,39.743598,-8.804403,408
SH9,39.743657,-8.804404,409
SH9,39.743974,-8.804411,410
SH9,39.744159,-8.804383,411
SH9,39.744489,-8.804319,412
SH9,39.744418,-8.804104,413
SH9,39.744765,-8.803844,414
SH9,39.74492,-8.80375,415
SH9,39.745182,-8.803659,416
SH9,39.745229,-8.803681,417
SH9,39.745265,-8.803707,418
SH9,39.745584,-8.803341,419
SH9,39.745858,-8.803027,420
SH9,39.745889,-8.802991,421
SH9,39.745921,-8.802954,422
SH9,39.745891,-8.80306,423
SH9,39.74567,-8.803324,424
SH9,39.745584,-8.803341,425
SH9,39.745265,-8.803707,426
SH9,39.745154,-8.803849,427
SH9,39.745042,-8.804002,428
SH9,39.7449,-8.804208,429
SH9,39.744684,-8.804567,430
SH9,39.744619,-8.804725,431
SH9,39.744605,-8.804779,432
SH9,39.74458,-8.804872,433
SH9,39.744517,-8.805094,434
SH9,39.744503,-8.805133,435
SH9,39.744481,-8.805186,436
SH9,39.744454,-8.805234,437
SH9,39.744407,-8.805297,438
SH9,39.74435,-8.805362,439
SH9,39.744283,-8.805433,440
SH9,39.744217,-8.805493,441
SH9,39.744169,-8.805529,442
SH9,39.744113,-8.805564,443
SH9,39.744058,-8.805589,444
SH9,39.744006,-8.805612,445
SH9,39.743931,-8.805631,446
SH9,39.743867,-8.805647,447
SH9,39.74381,-8.805654,448
SH9,39.743755,-8.805657,449
SH9,39.743686,-8.805655,450
SH9,39.74364,-8.805672,451
SH9,39.743621,-8.80568,452
SH9,39.743601,-8.80569,453
SH9,39.743586,-8.805705,454
SH9,39.743562,-8.805736,455
SH9,39.743393,-8.806289,456
SH9,39.743388,-8.806353,457
SH9,39.743389,-8.806424,458
SH9,39.743402,-8.806439,459
SH9,39.743414,-8.806458,460
SH9,39.743426,-8.806492,461
SH9,39.743431,-8.806528,462
SH9,39.743428,-8.806566,463
SH9,39.743421,-8.806594,464
SH9,39.743408,-8.806619,465
SH9,39.743384,-8.806649,466
SH9,39.743355,-8.806667,467
SH9,39.743322,-8.806673,468
SH9,39.74329,-8.806665,469
SH9,39.743261,-8.806645,470
SH9,39.743245,-8.806626,471
SH9,39.743232,-8.806603,472
SH9,39.74322,-8.806565,473
SH9,39.743218,-8.806524,474
SH9,39.743225,-8.806484,475
SH9,39.74324,-8.806449,476
SH9,39.743264,-8.806419,477
SH9,39.743232,-8.806287,478
SH9,39.743121,-8.805857,479
SH9,39.743058,-8.805586,480
SH9,39.742942,-8.805564,481
SH9,39.742842,-8.805544,482
SH9,39.742347,-8.805426,483
SH9,39.742006,-8.805346,484
SH9,39.741871,-8.805313,485
SH9,39.741738,-8.805234,486
SH9,39.741728,-8.805264,487
SH9,39.741713,-8.805289,488
SH9,39.741693,-8.805308,489
SH9,39.741669,-8.805319,490
SH9,39.741641,-8.80532,491
SH9,39.741614,-8.805309,492
SH9,39.741591,-8.805288,493
SH9,39.741574,-8.805258,494
SH9,39.741566,-8.805223,495
SH9,39.741566,-8.805186,496
SH9,39.741193,-8.805242,497
SH9,39.740792,-8.805297,498
SH9,39.74073,-8.805294,499
SH9,39.740373,-8.805256,500
SH9,39.739888,-8.805271,501
SH9,39.739821,-8.80527,502
SH9,39.739808,-8.805432,503
SH9,39.739765,-8.805989,504
SH9,39.739759,-8.806062,505
SH9,39.739676,-8.807124,506
SH9,39.73967,-8.807204,507
SH9,39.739606,-8.808022,508
SH9,39.739587,-8.808269,509
SH9,39.739562,-8.808693,510
SH9,39.739557,-8.808916,511
SH9,39.739555,-8.808983,512
SH9,39.739559,-8.809002,513
SH9,39.739559,-8.809023,514
SH9,39.739554,-8.809054,515
SH9,39.739541,-8.809082,516
SH9,39.739522,-8.809104,517
SH9,39.739498,-8.809116,518
SH9,39.739473,-8.809119,519
SH9,39.739456,-8.809115,520
SH9,39.739439,-8.809105,521
SH9,39.739397,-8.809094,522
SH9,39.739242,-8.809052,523
SH9,39.739173,-8.809037,524
SH9,39.738984,-8.808997,525
SH9,39.738937,-8.808986,526
SH9,39.738744,-8.80895,527
SH9,39.738631,-8.808928,528
SH9,39.738058,-8.808811,529
SH9,39.737976,-8.808799,530
SH9,39.737886,-8.808791,531
SH9,39.737721,-8.808784,532
SH9,39.737565,-8.808783,533
SH9,39.737072,-8.808818,534
SH9,39.736872,-8.808815,535
SH9,39.736768,-8.808805,536
SH9,39.736663,-8.80879,537
SH9,39.736377,-8.808719,538
SH9,39.735997,-8.808616,539
SH9,39.735678,-8.808532,540
SH9,39.735476,-8.808498,541
SH9,39.735297,-8.808463,542
SH9,39.735023,-8.808428,543
SH9,39.734792,-8.808415,544
SH9,39.734712,-8.80842,545
SH9,39.734395,-8.80843,546
SH9,39.734312,-8.808558,547
SH9,39.73426,-8.808634,548
SH9,39.734269,-8.808682,549
SH9,39.734272,-8.808721,550
SH9,39.734264,-8.808761,551
SH9,39.734255,-8.808802,552
SH9,39.734235,-8.808851,553
SH9,39.734206,-8.808887,554
SH9,39.734175,-8.808905,555
SH9,39.734128,-8.808921,556
SH9,39.734067,-8.808928,557
SH9,39.734032,-8.80892,558
SH9,39.733902,-8.808812,559
SH9,39.733866,-8.808779,560
SH9,39.733763,-8.80879,561
SH9,39.73371,-8.808798,562
SH9,39.733656,-8.80881,563
SH9,39.733276,-8.80936,564
SH9,39.733227,-8.80942,565
SH9,39.733192,-8.809453,566
SH9,39.733161,-8.809477,567
SH9,39.733103,-8.809515,568
SH9,39.733026,-8.809556,569
SH9,39.732928,-8.8096,570
SH9,39.732426,-8.8098,571
SH9,39.732273,-8.809861,572
SH9,39.732044,-8.809941,573
SH9,39.731952,-8.809967,574
SH9,39.731869,-8.809974,575
SH9,39.731589,-8.809983,576
SH9,39.731118,-8.809973,577
SH9,39.730978,-8.80997,578
SH9,39.730821,-8.809966,579
SH9,39.730245,-8.809974,580
SH9,39.73019,-8.809987,581
SH9,39.730152,-8.810008,582
SH9,39.730115,-8.810038,583
SH9,39.72995,-8.810223,584
SH9,39.729884,-8.810295,585
SH9,39.729682,-8.810512,586
SH9,39.729586,-8.810615,587
SH9,39.729452,-8.81076,588
SH9,39.729252,-8.810979,589
SH9,39.729167,-8.811073,590
SH9,39.729046,-8.81119,591
SH9,39.729002,-8.811233,592
SH9,39.728946,-8.811282,593
SH9,39.728886,-8.811326,594
SH9,39.72884,-8.811348,595
SH9,39.72848,-8.811457,596
SH9,39.728139,-8.811561,597
SH9,39.728065,-8.811586,598
SH9,39.727702,-8.811729,599
SH9,39.727592,-8.811782,600
SH9,39.727467,-8.811854,601
SH9,39.727421,-8.811882,602
SH9,39.727361,-8.811924,603
SH9,39.727246,-8.811999,604
SH9,39.726995,-8.812174,605
SH9,39.726944,-8.812214,606
SH9,39.726886,-8.812263,607
SH9,39.72683,-8.812311,608
SH9,39.726775,-8.812361,609
SH9,39.726499,-8.812648,610
SH9,39.726435,-8.812706,611
SH9,39.726323,-8.812796,612
SH9,39.726249,-8.81285,613
SH9,39.726143,-8.81294,614
SH9,39.726108,-8.812971,615
SH9,39.726098,-8.813011,616
SH9,39.72608,-8.813045,617
SH9,39.726055,-8.813073,618
SH9,39.726026,-8.81309,619
SH9,39.725994,-8.813096,620
SH9,39.725913,-8.81323,621
SH9,39.725814,-8.813547,622
SH9,39.72577,-8.813702,623
SH9,39.725714,-8.813856,624
SH9,39.725656,-8.813962,625
SH9,39.725605,-8.814034,626
SH9,39.725543,-8.8141,627
SH9,39.725486,-8.814146,628
SH9,39.725417,-8.814176,629
SH9,39.725333,-8.814185,630
SH9,39.725208,-8.814181,631
SH9,39.725087,-8.814184,632
SH9,39.724981,-8.814208,633
SH9,39.724691,-8.814309,634
SH9,39.724316,-8.814455,635
SH9,39.724472,-8.814542,636
SH9,39.724565,-8.814613,637
SH9,39.72462,-8.81467,638
SH9,39.724669,-8.81476,639
SH9,39.724718,-8.814837,640
SH9,39.724762,-8.814869,641
SH9,39.724841,-8.814933,642
SH9,39.725073,-8.815042,643
SH9,39.725329,-8.815119,644
SH9,39.725517,-8.815215,645
SH9,39.725734,-8.815266,646
SH9,39.725812,-8.815337,647
SH9,39.725906,-8.815446,648
SH9,39.726019,-8.8156,649
SH9,39.726148,-8.815753,650
SH9,39.72636,-8.815952,651
SH9,39.726458,-8.816003,652
SH9,39.726806,-8.816199,653
SH9,39.727413,-8.816469,654
SH9,39.727699,-8.81653,655
SH9,39.727948,-8.816854,656
SH9,39.728296,-8.817502,657
SH9,39.728795,-8.818117,658
SH9,39.729076,-8.818387,659
SH9,39.729252,-8.818502,660
SH9,39.729372,-8.818515,661
SH9,39.729465,-8.818509,662
SH9,39.729621,-8.818414,663
SH9,39.730208,-8.817901,664
SH9,39.730426,-8.817651,665
SH9,39.730489,-8.817509,666
SH9,39.730561,-8.817428,667
SH9,39.73067,-8.817394,668
SH9,39.730852,-8.817347,669
SH9,39.73119,-8.817252,670
SH9,39.731704,-8.816861,671
SH9,39.731948,-8.816658,672
SH9,39.732036,-8.816442,673
SH9,39.732083,-8.816307,674
SH9,39.73212,-8.816199,675
SH9,39.732203,-8.816097,676
SH9,39.732338,-8.815969,677
SH9,39.732488,-8.815848,678
SH9,39.732691,-8.815807,679
SH9,39.733231,-8.815706,680
SH9,39.733543,-8.815645,681
SH9,39.733751,-8.815672,682
SH9,39.733917,-8.815766,683
SH9,39.734379,-8.816057,684
SH9,39.734618,-8.816253,685
SH9,39.734743,-8.816395,686
SH9,39.734878,-8.816509,687
SH9,39.734966,-8.816584,688
SH9,39.735044,-8.816603,689
SH9,39.735026,-8.816539,690
SH9,39.735035,-8.816337,691
SH9,39.734972,-8.815504,692
SH9,39.73492,-8.814862,693
SH9,39.734879,-8.814554,694
SH9,39.736608,-8.815005,695
SH9,39.736624,-8.815112,696
SH9,39.736608,-8.815005,697
SH9,39.735394,-8.814688,698
SH9,39.734879,-8.814554,699
SH9,39.73492,-8.814862,700
SH9,39.734972,-8.815504,701
SH9,39.735035,-8.816337,702
SH9,39.735026,-8.816539,703
SH9,39.735044,-8.816603,704
SH9,39.734966,-8.816584,705
SH9,39.734878,-8.816509,706
SH9,39.734743,-8.816395,707
SH9,39.734618,-8.816253,708
SH9,39.734379,-8.816057,709
SH9,39.733917,-8.815766,710
SH9,39.733751,-8.815672,711
SH9,39.733543,-8.815645,712
SH9,39.733231,-8.815706,713
SH9,39.732691,-8.815807,714
SH9,39.732488,-8.815848,715
SH9,39.732338,-8.815969,716
SH9,39.732203,-8.816097,717
SH9,39.73212,-8.816199,718
SH9,39.732083,-8.816307,719
SH9,39.732036,-8.816442,720
SH9,39.731948,-8.816658,721
SH9,39.731704,-8.816861,722
SH9,39.73119,-8.817252,723
SH9,39.730852,-8.817347,724
SH9,39.73067,-8.817394,725
SH9,39.730561,-8.817428,726
SH9,39.730489,-8.817509,727
SH9,39.730426,-8.817651,728
SH9,39.730208,-8.817901,729
SH9,39.729621,-8.818414,730
SH9,39.729465,-8.818509,731
SH9,39.729372,-8.818515,732
SH9,39.729252,-8.818502,733
SH9,39.729076,-8.818387,734
SH9,39.728795,-8.818117,735
SH9,39.728296,-8.817502,736
SH9,39.727948,-8.816854,737
SH9,39.727699,-8.81653,738
SH9,39.727413,-8.816469,739
SH9,39.726806,-8.816199,740
SH9,39.726458,-8.816003,741
SH9,39.72636,-8.815952,742
SH9,39.726148,-8.815753,743
SH9,39.726019,-8.8156,744
SH9,39.725906,-8.815446,745
SH9,39.725812,-8.815337,746
SH9,39.725734,-8.815266,747
SH9,39.725517,-8.815215,748
SH9,39.725329,-8.815119,749
SH9,39.725073,-8.815042,750
SH9,39.724841,-8.814933,751
SH9,39.724762,-8.814869,752
SH9,39.724718,-8.814837,753
SH9,39.724669,-8.81476,754
SH9,39.72462,-8.81467,755
SH9,39.724565,-8.814613,756
SH9,39.724472,-8.814542,757
SH9,39.724316,-8.814455,758
SH9,39.724691,-8.814309,759
SH9,39.724981,-8.814208,760
SH9,39.725087,-8.814184,761
SH9,39.725208,-8.814181,762
SH9,39.725333,-8.814185,763
SH9,39.725417,-8.814176,764
SH9,39.725486,-8.814146,765
SH9,39.725543,-8.8141,766
SH9,39.725605,-8.814034,767
SH9,39.725656,-8.813962,768
SH9,39.725714,-8.813856,769
SH9,39.72577,-8.813702,770
SH9,39.725814,-8.813547,771
SH9,39.725913,-8.81323,772
SH9,39.725919,-8.813103,773
SH9,39.725921,-8.813062,774
SH9,39.725896,-8.813027,775
SH9,39.725882,-8.812983,776
SH9,39.725878,-8.812936,777
SH9,39.725886,-8.812889,778
SH9,39.725905,-8.812848,779
SH9,39.725933,-8.812817,780
SH9,39.725967,-8.812799,781
SH9,39.726003,-8.812795,782
SH9,39.726039,-8.812806,783
SH9,39.72607,-8.812832,784
SH9,39.726249,-8.81285,785
SH9,39.726323,-8.812796,786
SH9,39.726435,-8.812706,787
SH9,39.726499,-8.812648,788
SH9,39.726775,-8.812361,789
SH9,39.72683,-8.812311,790
SH9,39.726886,-8.812263,791
SH9,39.726944,-8.812214,792
SH9,39.726995,-8.812174,793
SH9,39.727246,-8.811999,794
SH9,39.727361,-8.811924,795
SH9,39.727421,-8.811882,796
SH9,39.727467,-8.811854,797
SH9,39.727592,-8.811782,798
SH9,39.727702,-8.811729,799
SH9,39.728065,-8.811586,800
SH9,39.728139,-8.811561,801
SH9,39.72848,-8.811457,802
SH9,39.72884,-8.811348,803
SH9,39.728886,-8.811326,804
SH9,39.728946,-8.811282,805
SH9,39.729002,-8.811233,806
SH9,39.729046,-8.81119,807
SH9,39.729167,-8.811073,808
SH9,39.729252,-8.810979,809
SH9,39.729452,-8.81076,810
SH9,39.729586,-8.810615,811
SH9,39.729682,-8.810512,812
SH9,39.729884,-8.810295,813
SH9,39.72995,-8.810223,814
SH9,39.730115,-8.810038,815
SH9,39.730152,-8.810008,816
SH9,39.73019,-8.809987,817
SH9,39.730245,-8.809974,818
SH9,39.730821,-8.809966,819
SH9,39.730978,-8.80997,820
SH9,39.731118,-8.809973,821
SH9,39.731589,-8.809983,822
SH9,39.731869,-8.809974,823
SH9,39.731952,-8.809967,824
SH9,39.732044,-8.809941,825
SH9,39.732273,-8.809861,826
SH9,39.732426,-8.8098,827
SH9,39.732928,-8.8096,828
SH9,39.733026,-8.809556,829
SH9,39.733103,-8.809515,830
SH9,39.733161,-8.809477,831
SH9,39.733192,-8.809453,832
SH9,39.733227,-8.80942,833
SH9,39.733276,-8.80936,834
SH9,39.733656,-8.80881,835
SH9,39.733698,-8.808745,836
SH9,39.733719,-8.80871,837
SH9,39.73375,-8.808667,838
SH9,39.733794,-8.808632,839
SH9,39.733789,-8.808595,840
SH9,39.733791,-8.80857,841
SH9,39.733806,-8.808507,842
SH9,39.733824,-8.808463,843
SH9,39.733854,-8.80841,844
SH9,39.733886,-8.808393,845
SH9,39.733919,-8.80838,846
SH9,39.733958,-8.808372,847
SH9,39.734023,-8.808378,848
SH9,39.734109,-8.808426,849
SH9,39.734161,-8.808465,850
SH9,39.734199,-8.80851,851
SH9,39.734234,-8.808562,852
SH9,39.73426,-8.808634,853
SH9,39.734269,-8.808682,854
SH9,39.734326,-8.80873,855
SH9,39.734373,-8.808767,856
SH9,39.7344,-8.808779,857
SH9,39.734464,-8.808796,858
SH9,39.734518,-8.80879,859
SH9,39.73457,-8.808774,860
SH9,39.734625,-8.808767,861
SH9,39.73468,-8.808777,862
SH9,39.734733,-8.808806,863
SH9,39.734766,-8.808838,864
SH9,39.734797,-8.808894,865
SH9,39.734813,-8.808959,866
SH9,39.734819,-8.809038,867
SH9,39.734816,-8.8091,868
SH9,39.734807,-8.809173,869
SH9,39.7348,-8.809232,870
SH9,39.734799,-8.809295,871
SH9,39.734809,-8.809362,872
SH9,39.734829,-8.809435,873
SH9,39.734852,-8.809494,874
SH9,39.734884,-8.809557,875
SH9,39.735382,-8.810334,876
SH9,39.735448,-8.810517,877
SH9,39.735612,-8.810749,878
SH9,39.73573,-8.810917,879
SH9,39.736081,-8.811388,880
SH9,39.736392,-8.811794,881
SH9,39.736798,-8.812385,882
SH9,39.738467,-8.814698,883
SH9,39.738496,-8.814738,884
SH9,39.738608,-8.814894,885
SH9,39.738704,-8.815036,886
SH9,39.738774,-8.815164,887
SH9,39.738839,-8.815295,888
SH9,39.738905,-8.815451,889
SH9,39.73895,-8.815578,890
SH9,39.738994,-8.815748,891
SH9,39.739021,-8.815885,892
SH9,39.739046,-8.816041,893
SH9,39.739061,-8.816176,894
SH9,39.739068,-8.816274,895
SH9,39.739073,-8.816399,896
SH9,39.739067,-8.817401,897
SH9,39.73909,-8.81755,898
SH9,39.739095,-8.817568,899
SH9,39.739108,-8.817603,900
SH9,39.739142,-8.817603,901
SH9,39.739176,-8.817608,902
SH9,39.739244,-8.817634,903
SH9,39.739306,-8.817681,904
SH9,39.739357,-8.817745,905
SH9,39.739401,-8.817843,906
SH9,39.739421,-8.817952,907
SH9,39.739416,-8.818065,908
SH9,39.739409,-8.818087,909
SH9,39.739385,-8.818171,910
SH9,39.739338,-8.818254,911
SH9,39.739274,-8.818318,912
SH9,39.7392,-8.818357,913
SH9,39.73912,-8.818369,914
SH9,39.739086,-8.818365,915
SH9,39.73903,-8.818409,916
SH9,39.738965,-8.818464,917
SH9,39.738876,-8.818554,918
SH9,39.738814,-8.818637,919
SH9,39.738768,-8.818709,920
SH9,39.738721,-8.8188,921
SH9,39.73865,-8.818978,922
SH9,39.738562,-8.819235,923
SH9,39.738462,-8.819518,924
SH9,39.738367,-8.819767,925
SH9,39.738176,-8.820193,926
SH9,39.73809,-8.820366,927
SH9,39.738008,-8.820538,928
SH9,39.73794,-8.820671,929
SH9,39.737876,-8.820782,930
SH9,39.737829,-8.820855,931
SH9,39.737743,-8.820968,932
SH9,39.737555,-8.821187,933
SH9,39.737056,-8.821779,934
SH9,39.736157,-8.822764,935
SH9,39.736065,-8.822862,936
SH9,39.735975,-8.822955,937
SH9,39.735779,-8.823133,938
SH9,39.735675,-8.823218,939
SH9,39.735552,-8.823314,940
SH9,39.735352,-8.823461,941
SH9,39.735205,-8.823558,942
SH9,39.73514,-8.823596,943
SH9,39.735001,-8.823665,944
SH9,39.734967,-8.823691,945
SH9,39.734919,-8.823729,946
SH9,39.734878,-8.823761,947
SH9,39.734829,-8.823807,948
SH9,39.734825,-8.82385,949
SH9,39.734815,-8.823891,950
SH9,39.734799,-8.823929,951
SH9,39.734779,-8.823961,952
SH9,39.734755,-8.823987,953
SH9,39.734728,-8.824008,954
SH9,39.734698,-8.824022,955
SH9,39.734667,-8.824028,956
SH9,39.734635,-8.824028,957
SH9,39.734579,-8.824007,958
SH9,39.734531,-8.823963,959
SH9,39.734497,-8.8239,960
SH9,39.73448,-8.823827,961
SH9,39.734483,-8.823751,962
SH9,39.734366,-8.823557,963
SH9,39.734313,-8.823498,964
SH9,39.734265,-8.82345,965
SH9,39.734212,-8.823406,966
SH9,39.734114,-8.823339,967
SH9,39.733912,-8.823228,968
SH9,39.733812,-8.823174,969
SH9,39.733036,-8.822794,970
SH9,39.73297,-8.822755,971
SH9,39.732917,-8.822717,972
SH9,39.732871,-8.822675,973
SH9,39.732827,-8.822621,974
SH9,39.732692,-8.822428,975
SH9,39.73266,-8.822385,976
SH9,39.732624,-8.822348,977
SH9,39.732545,-8.822291,978
SH9,39.732504,-8.822291,979
SH9,39.732466,-8.822274,980
SH9,39.732433,-8.822244,981
SH9,39.732406,-8.822196,982
SH9,39.732394,-8.82214,983
SH9,39.732397,-8.822081,984
SH9,39.73241,-8.822037,985
SH9,39.732431,-8.821999,986
SH9,39.73246,-8.821971,987
SH9,39.732558,-8.821782,988
SH9,39.732587,-8.821722,989
SH9,39.732673,-8.821588,990
SH9,39.732652,-8.821505,991
SH9,39.732644,-8.82145,992
SH9,39.732638,-8.821318,993
SH9,39.732648,-8.821046,994
SH9,39.732654,-8.821004,995
SH9,39.73268,-8.820933,996
SH9,39.7327,-8.820899,997
SH9,39.732791,-8.820748,998
SH9,39.732811,-8.82073,999
SH9,39.732836,-8.820721,1000
SH9,39.732858,-8.820731,1001
SH9,39.733217,-8.821086,1002
SH9,39.733332,-8.821199,1003
SH9,39.733356,-8.821224,1004
SH9,39.733375,-8.821191,1005
SH9,39.733413,-8.821123,1006
SH9,39.733457,-8.821032,1007
SH9,39.733486,-8.821005,1008
SH9,39.733493,-8.821012,1009
SH9,39.734103,-8.821638,1010
SH9,39.734095,-8.821705,1011
SH9,39.734045,-8.82177,1012
SH9,39.734027,-8.821775,1013
SH9,39.733413,-8.821123,1014
SH9,39.733375,-8.821191,1015
SH9,39.733356,-8.821224,1016
SH9,39.733457,-8.82133,1017
SH9,39.733956,-8.821845,1018
SH9,39.734064,-8.821957,1019
SH9,39.734075,-8.822089,1020
SH9,39.734138,-8.822877,1021
SH9,39.734146,-8.822977,1022
SH9,39.734149,-8.823009,1023
SH9,39.734186,-8.823236,1024
SH9,39.734202,-8.823299,1025
SH9,39.734304,-8.82338,1026
SH9,39.734409,-8.823459,1027
SH9,39.734481,-8.823515,1028
SH9,39.734533,-8.823547,1029
SH9,39.734611,-8.82358,1030
SH9,39.73465,-8.823573,1031
SH9,39.734689,-8.823578,1032
SH9,39.734726,-8.823593,1033
SH9,39.734819,-8.823582,1034
SH9,39.734874,-8.823572,1035
SH9,39.734921,-8.823559,1036
SH9,39.734985,-8.823531,1037
SH9,39.735031,-8.823503,1038
SH9,39.73516,-8.8234,1039
SH9,39.735238,-8.823322,1040
SH9,39.7353,-8.823256,1041
SH9,39.735475,-8.823042,1042
SH9,39.735837,-8.822614,1043
SH9,39.735945,-8.822492,1044
SH9,39.736005,-8.822438,1045
SH9,39.736056,-8.822396,1046
SH9,39.736102,-8.822325,1047
SH9,39.736131,-8.822289,1048
SH9,39.736206,-8.822213,1049
SH9,39.736442,-8.822008,1050
SH9,39.736789,-8.821683,1051
SH9,39.737089,-8.821401,1052
SH9,39.737232,-8.821266,1053
SH9,39.73745,-8.821073,1054
SH9,39.737556,-8.820967,1055
SH9,39.737646,-8.820866,1056
SH9,39.737738,-8.820749,1057
SH9,39.737823,-8.820634,1058
SH9,39.737873,-8.820562,1059
SH9,39.737904,-8.820517,1060
SH9,39.738007,-8.820338,1061
SH9,39.738112,-8.820135,1062
SH9,39.738311,-8.819704,1063
SH9,39.7384,-8.819475,1064
SH9,39.738495,-8.819192,1065
SH9,39.738634,-8.818786,1066
SH9,39.73876,-8.818496,1067
SH9,39.738807,-8.81837,1068
SH9,39.738836,-8.818269,1069
SH9,39.738852,-8.818123,1070
SH9,39.738833,-8.818017,1071
SH9,39.738838,-8.817909,1072
SH9,39.738866,-8.817807,1073
SH9,39.738915,-8.81772,1074
SH9,39.738946,-8.817641,1075
SH9,39.738971,-8.817553,1076
SH9,39.738977,-8.817467,1077
SH9,39.73898,-8.817353,1078
SH9,39.738984,-8.816585,1079
SH9,39.738984,-8.81645,1080
SH9,39.738978,-8.816302,1081
SH9,39.738966,-8.816152,1082
SH9,39.738949,-8.816022,1083
SH9,39.738936,-8.815932,1084
SH9,39.738901,-8.81576,1085
SH9,39.738858,-8.815616,1086
SH9,39.738821,-8.8155,1087
SH9,39.738753,-8.815337,1088
SH9,39.738676,-8.81519,1089
SH9,39.738588,-8.815046,1090
SH9,39.73852,-8.814948,1091
SH9,39.738432,-8.814828,1092
SH9,39.736429,-8.812071,1093
SH9,39.735553,-8.810846,1094
SH9,39.735426,-8.810726,1095
SH9,39.735308,-8.810573,1096
SH9,39.734306,-8.809162,1097
SH9,39.734249,-8.809097,1098
SH9,39.734196,-8.809045,1099
SH9,39.734122,-8.808975,1100
SH9,39.734067,-8.808928,1101
SH9,39.734032,-8.80892,1102
SH9,39.733902,-8.808812,1103
SH9,39.733866,-8.808779,1104
SH9,39.733763,-8.80879,1105
SH9,39.73371,-8.808798,1106
SH9,39.733656,-8.80881,1107
SH9,39.733276,-8.80936,1108
SH9,39.733227,-8.80942,1109
SH9,39.733192,-8.809453,1110
SH9,39.733161,-8.809477,1111
SH9,39.733103,-8.809515,1112
SH9,39.733026,-8.809556,1113
SH9,39.732928,-8.8096,1114
SH9,39.732426,-8.8098,1115
SH9,39.732273,-8.809861,1116
SH9,39.732044,-8.809941,1117
SH9,39.731952,-8.809967,1118
SH9,39.731869,-8.809974,1119
SH9,39.731589,-8.809983,1120
SH9,39.731118,-8.809973,1121
SH9,39.730978,-8.80997,1122
SH9,39.730821,-8.809966,1123
SH9,39.730245,-8.809974,1124
SH9,39.73019,-8.809987,1125
SH9,39.730152,-8.810008,1126
SH9,39.730115,-8.810038,1127
SH9,39.72995,-8.810223,1128
SH9,39.729884,-8.810295,1129
SH9,39.729682,-8.810512,1130
SH9,39.729586,-8.810615,1131
SH9,39.729452,-8.81076,1132
SH9,39.729252,-8.810979,1133
SH9,39.729167,-8.811073,1134
SH9,39.729046,-8.81119,1135
SH9,39.729002,-8.811233,1136
SH9,39.728946,-8.811282,1137
SH9,39.728886,-8.811326,1138
SH9,39.72884,-8.811348,1139
SH9,39.72848,-8.811457,1140
SH9,39.728139,-8.811561,1141
SH9,39.728065,-8.811586,1142
SH9,39.727702,-8.811729,1143
SH9,39.727592,-8.811782,1144
SH9,39.727467,-8.811854,1145
SH9,39.727421,-8.811882,1146
SH9,39.727361,-8.811924,1147
SH9,39.727246,-8.811999,1148
SH9,39.726995,-8.812174,1149
SH9,39.726944,-8.812214,1150
SH9,39.726886,-8.812263,1151
SH9,39.72683,-8.812311,1152
SH9,39.726775,-8.812361,1153
SH9,39.726499,-8.812648,1154
SH9,39.726435,-8.812706,1155
SH9,39.726323,-8.812796,1156
SH9,39.726249,-8.81285,1157
SH9,39.726143,-8.81294,1158
SH9,39.726108,-8.812971,1159
SH9,39.726098,-8.813011,1160
SH9,39.72608,-8.813045,1161
SH9,39.726055,-8.813073,1162
SH9,39.726026,-8.81309,1163
SH9,39.725994,-8.813096,1164
SH9,39.725913,-8.81323,1165
SH9,39.725814,-8.813547,1166
SH9,39.72577,-8.813702,1167
SH9,39.725714,-8.813856,1168
SH9,39.725656,-8.813962,1169
SH9,39.725605,-8.814034,1170
SH9,39.725543,-8.8141,1171
SH9,39.725486,-8.814146,1172
SH9,39.725417,-8.814176,1173
SH9,39.725333,-8.814185,1174
SH9,39.725208,-8.814181,1175
SH9,39.725087,-8.814184,1176
SH9,39.724981,-8.814208,1177
SH9,39.724691,-8.814309,1178
SH9,39.724316,-8.814455,1179
SH9,39.724472,-8.814542,1180
SH9,39.724565,-8.814613,1181
SH9,39.72462,-8.81467,1182
SH9,39.724669,-8.81476,1183
SH9,39.724718,-8.814837,1184
SH9,39.724762,-8.814869,1185
SH9,39.724841,-8.814933,1186
SH9,39.725073,-8.815042,1187
SH9,39.725329,-8.815119,1188
SH9,39.725517,-8.815215,1189
SH9,39.725734,-8.815266,1190
SH9,39.725812,-8.815337,1191
SH9,39.725906,-8.815446,1192
SH9,39.726019,-8.8156,1193
SH9,39.726148,-8.815753,1194
SH9,39.72636,-8.815952,1195
SH9,39.726458,-8.816003,1196
SH9,39.726806,-8.816199,1197
SH9,39.727413,-8.816469,1198
SH9,39.727699,-8.81653,1199
SH9,39.727948,-8.816854,1200
SH9,39.728296,-8.817502,1201
SH9,39.728795,-8.818117,1202
SH9,39.729076,-8.818387,1203
SH9,39.729252,-8.818502,1204
SH9,39.729372,-8.818515,1205
SH9,39.729465,-8.818509,1206
SH9,39.729621,-8.818414,1207
SH9,39.730208,-8.817901,1208
SH9,39.730426,-8.817651,1209
SH9,39.730489,-8.817509,1210
SH9,39.730561,-8.817428,1211
SH9,39.73067,-8.817394,1212
SH9,39.730852,-8.817347,1213
SH9,39.73119,-8.817252,1214
SH9,39.731704,-8.816861,1215
SH9,39.731948,-8.816658,1216
SH9,39.732036,-8.816442,1217
SH9,39.732083,-8.816307,1218
SH9,39.73212,-8.816199,1219
SH9,39.732203,-8.816097,1220
SH9,39.732338,-8.815969,1221
SH9,39.732488,-8.815848,1222
SH9,39.732691,-8.815807,1223
SH9,39.733231,-8.815706,1224
SH9,39.733543,-8.815645,1225
SH9,39.733751,-8.815672,1226
SH9,39.733917,-8.815766,1227
SH9,39.734379,-8.816057,1228
SH9,39.734618,-8.816253,1229
SH9,39.734743,-8.816395,1230
SH9,39.734878,-8.816509,1231
SH9,39.734966,-8.816584,1232
SH9,39.735044,-8.816603,1233
SH9,39.735026,-8.816539,1234
SH9,39.735035,-8.816337,1235
SH9,39.734972,-8.815504,1236
SH9,39.734932,-8.815009,1237
SH9,39.73492,-8.814862,1238
SH9,39.734879,-8.814554,1239
SH9,39.73484,-8.814544,1240
SH9,39.734863,-8.814184,1241
SH9,39.734876,-8.814047,1242
SH9,39.734864,-8.813907,1243
SH9,39.734831,-8.813826,1244
SH9,39.734777,-8.813765,1245
SH9,39.734703,-8.813693,1246
SH9,39.734598,-8.813622,1247
SH9,39.73434,-8.81349,1248
SH9,39.734061,-8.813374,1249
SH9,39.733932,-8.814383,1250
SH9,39.73484,-8.814544,1251
SH9,39.734879,-8.814554,1252
SH9,39.73492,-8.814862,1253
SH9,39.734972,-8.815504,1254
SH9,39.735035,-8.816337,1255
SH9,39.735026,-8.816539,1256
SH9,39.735044,-8.816603,1257
SH9,39.734966,-8.816584,1258
SH9,39.734878,-8.816509,1259
SH9,39.734743,-8.816395,1260
SH9,39.734618,-8.816253,1261
SH9,39.734379,-8.816057,1262
SH9,39.733917,-8.815766,1263
SH9,39.733751,-8.815672,1264
SH9,39.733543,-8.815645,1265
SH9,39.733231,-8.815706,1266
SH9,39.732691,-8.815807,1267
SH9,39.732488,-8.815848,1268
SH9,39.732338,-8.815969,1269
SH9,39.732203,-8.816097,1270
SH9,39.73212,-8.816199,1271
SH9,39.732083,-8.816307,1272
SH9,39.732036,-8.816442,1273
SH9,39.731948,-8.816658,1274
SH9,39.731704,-8.816861,1275
SH9,39.73119,-8.817252,1276
SH9,39.730852,-8.817347,1277
SH9,39.73067,-8.817394,1278
SH9,39.730561,-8.817428,1279
SH9,39.730489,-8.817509,1280
SH9,39.730426,-8.817651,1281
SH9,39.730208,-8.817901,1282
SH9,39.729621,-8.818414,1283
SH9,39.729465,-8.818509,1284
SH9,39.729372,-8.818515,1285
SH9,39.729252,-8.818502,1286
SH9,39.729076,-8.818387,1287
SH9,39.728795,-8.818117,1288
SH9,39.728296,-8.817502,1289
SH9,39.727948,-8.816854,1290
SH9,39.727699,-8.81653,1291
SH9,39.727413,-8.816469,1292
SH9,39.726806,-8.816199,1293
SH9,39.726458,-8.816003,1294
SH9,39.72636,-8.815952,1295
SH9,39.726148,-8.815753,1296
SH9,39.726019,-8.8156,1297
SH9,39.725906,-8.815446,1298
SH9,39.725812,-8.815337,1299
SH9,39.725734,-8.815266,1300
SH9,39.725517,-8.815215,1301
SH9,39.725329,-8.815119,1302
SH9,39.725073,-8.815042,1303
SH9,39.724841,-8.814933,1304
SH9,39.724762,-8.814869,1305
SH9,39.724718,-8.814837,1306
SH9,39.724669,-8.81476,1307
SH9,39.72462,-8.81467,1308
SH9,39.724565,-8.814613,1309
SH9,39.724472,-8.814542,1310
SH9,39.724316,-8.814455,1311
SH9,39.724691,-8.814309,1312
SH9,39.724981,-8.814208,1313
SH9,39.725087,-8.814184,1314
SH9,39.725208,-8.814181,1315
SH9,39.725333,-8.814185,1316
SH9,39.725417,-8.814176,1317
SH9,39.725486,-8.814146,1318
SH9,39.725543,-8.8141,1319
SH9,39.725605,-8.814034,1320
SH9,39.725656,-8.813962,1321
SH9,39.725714,-8.813856,1322
SH9,39.72577,-8.813702,1323
SH9,39.725814,-8.813547,1324
SH9,39.725913,-8.81323,1325
SH9,39.725919,-8.813103,1326
SH9,39.725921,-8.813062,1327
SH9,39.725896,-8.813027,1328
SH9,39.725882,-8.812983,1329
SH9,39.725878,-8.812936,1330
SH9,39.725886,-8.812889,1331
SH9,39.725905,-8.812848,1332
SH9,39.725933,-8.812817,1333
SH9,39.725967,-8.812799,1334
SH9,39.726003,-8.812795,1335
SH9,39.726039,-8.812806,1336
SH9,39.72607,-8.812832,1337
SH9,39.726249,-8.81285,1338
SH9,39.726323,-8.812796,1339
SH9,39.726435,-8.812706,1340
SH9,39.726499,-8.812648,1341
SH9,39.726775,-8.812361,1342
SH9,39.72683,-8.812311,1343
SH9,39.726886,-8.812263,1344
SH9,39.726944,-8.812214,1345
SH9,39.726995,-8.812174,1346
SH9,39.727246,-8.811999,1347
SH9,39.727361,-8.811924,1348
SH9,39.727421,-8.811882,1349
SH9,39.727467,-8.811854,1350
SH9,39.727592,-8.811782,1351
SH9,39.727702,-8.811729,1352
SH9,39.728065,-8.811586,1353
SH9,39.728139,-8.811561,1354
SH9,39.72848,-8.811457,1355
SH9,39.72884,-8.811348,1356
SH9,39.728886,-8.811326,1357
SH9,39.728946,-8.811282,1358
SH9,39.729002,-8.811233,1359
SH9,39.729046,-8.81119,1360
SH9,39.729167,-8.811073,1361
SH9,39.729252,-8.810979,1362
SH9,39.729452,-8.81076,1363
SH9,39.729586,-8.810615,1364
SH9,39.729682,-8.810512,1365
SH9,39.729884,-8.810295,1366
SH9,39.72995,-8.810223,1367
SH9,39.730115,-8.810038,1368
SH9,39.730152,-8.810008,1369
SH9,39.73019,-8.809987,1370
SH9,39.730245,-8.809974,1371
SH9,39.730821,-8.809966,1372
SH9,39.730978,-8.80997,1373
SH9,39.731118,-8.809973,1374
SH9,39.731589,-8.809983,1375
SH9,39.731869,-8.809974,1376
SH9,39.731952,-8.809967,1377
SH9,39.732044,-8.809941,1378
SH9,39.732273,-8.809861,1379
SH9,39.732426,-8.8098,1380
SH9,39.732928,-8.8096,1381
SH9,39.733026,-8.809556,1382
SH9,39.733103,-8.809515,1383
SH9,39.733161,-8.809477,1384
SH9,39.733192,-8.809453,1385
SH9,39.733227,-8.80942,1386
SH9,39.733276,-8.80936,1387
SH9,39.733656,-8.80881,1388
SH9,39.733698,-8.808745,1389
SH9,39.733719,-8.80871,1390
SH9,39.73375,-8.808667,1391
SH9,39.733794,-8.808632,1392
SH9,39.733789,-8.808595,1393
SH9,39.733791,-8.80857,1394
SH9,39.733806,-8.808507,1395
SH9,39.733824,-8.808463,1396
SH9,39.733854,-8.80841,1397
SH9,39.733886,-8.808393,1398
SH9,39.733919,-8.80838,1399
SH9,39.733958,-8.808372,1400
SH9,39.734023,-8.808378,1401
SH9,39.734109,-8.808426,1402
SH9,39.734161,-8.808465,1403
SH9,39.734199,-8.80851,1404
SH9,39.734234,-8.808562,1405
SH9,39.73426,-8.808634,1406
SH9,39.734269,-8.808682,1407
SH9,39.734326,-8.80873,1408
SH9,39.734373,-8.808767,1409
SH9,39.7344,-8.808779,1410
SH9,39.734464,-8.808796,1411
SH9,39.734518,-8.80879,1412
SH9,39.73457,-8.808774,1413
SH9,39.734625,-8.808767,1414
SH9,39.73468,-8.808777,1415
SH9,39.734733,-8.808806,1416
SH9,39.734766,-8.808838,1417
SH9,39.734797,-8.808894,1418
SH9,39.734813,-8.808959,1419
SH9,39.734819,-8.809038,1420
SH9,39.734816,-8.8091,1421
SH9,39.734807,-8.809173,1422
SH9,39.7348,-8.809232,1423
SH9,39.734799,-8.809295,1424
SH9,39.734809,-8.809362,1425
SH9,39.734829,-8.809435,1426
SH9,39.734852,-8.809494,1427
SH9,39.734884,-8.809557,1428
SH9,39.735382,-8.810334,1429
SH9,39.735448,-8.810517,1430
SH9,39.735612,-8.810749,1431
SH9,39.73573,-8.810917,1432
SH9,39.736081,-8.811388,1433
SH9,39.736392,-8.811794,1434
SH9,39.736798,-8.812385,1435
SH9,39.737405,-8.813226,1436
SH9,39.738467,-8.814698,1437
SH9,39.738564,-8.814758,1438
SH9,39.738609,-8.814777,1439
SH9,39.738651,-8.814792,1440
SH9,39.738694,-8.814805,1441
SH9,39.738753,-8.814813,1442
SH9,39.738877,-8.814819,1443
SH9,39.739049,-8.814829,1444
SH9,39.739192,-8.814838,1445
SH9,39.739236,-8.814838,1446
SH9,39.739269,-8.814833,1447
SH9,39.739292,-8.814827,1448
SH9,39.739316,-8.814816,1449
SH9,39.739363,-8.814773,1450
SH9,39.739363,-8.814608,1451
SH9,39.73937,-8.813407,1452
SH9,39.739376,-8.81332,1453
SH9,39.739394,-8.813205,1454
SH9,39.739421,-8.813092,1455
SH9,39.739442,-8.813012,1456
SH9,39.739469,-8.812931,1457
SH9,39.739524,-8.812805,1458
SH9,39.739561,-8.812734,1459
SH9,39.739598,-8.812674,1460
SH9,39.739643,-8.812613,1461
SH9,39.73972,-8.812525,1462
SH9,39.739829,-8.812435,1463
SH9,39.739886,-8.812392,1464
SH9,39.739927,-8.812363,1465
SH9,39.739967,-8.812333,1466
SH9,39.739979,-8.812296,1467
SH9,39.73999,-8.812276,1468
SH9,39.740002,-8.812261,1469
SH9,39.740027,-8.812244,1470
SH9,39.740057,-8.812235,1471
SH9,39.7402,-8.812057,1472
SH9,39.740261,-8.811985,1473
SH9,39.740589,-8.811666,1474
SH9,39.740755,-8.811507,1475
SH9,39.740874,-8.811389,1476
SH9,39.740929,-8.811327,1477
SH9,39.740982,-8.811257,1478
SH9,39.741024,-8.811192,1479
SH9,39.741317,-8.810676,1480
SH9,39.741336,-8.810647,1481
SH9,39.74139,-8.810563,1482
SH9,39.741302,-8.810482,1483
SH9,39.741276,-8.810458,1484
SH9,39.741034,-8.810237,1485
SH9,39.740903,-8.810117,1486
SH9,39.740863,-8.810086,1487
SH9,39.740752,-8.810031,1488
SH9,39.740633,-8.809989,1489
SH9,39.740497,-8.809884,1490
SH9,39.740412,-8.809812,1491
SH9,39.740077,-8.809514,1492
SH9,39.739943,-8.809399,1493
SH9,39.739864,-8.809341,1494
SH9,39.739776,-8.809282,1495
SH9,39.739748,-8.809265,1496
SH9,39.739621,-8.809198,1497
SH9,39.739521,-8.809144,1498
SH9,39.739501,-8.809134,1499
SH9,39.739473,-8.809119,1500
SH9,39.739456,-8.809115,1501
SH9,39.739439,-8.809105,1502
SH9,39.739397,-8.809094,1503
SH9,39.739242,-8.809052,1504
SH9,39.739173,-8.809037,1505
SH9,39.738984,-8.808997,1506
SH9,39.738937,-8.808986,1507
SH9,39.738744,-8.80895,1508
SH9,39.738735,-8.809028,1509
SH9,39.738664,-8.809659,1510
SH9,39.738652,-8.809683,1511
SH9,39.738629,-8.80969,1512
SH9,39.738595,-8.809687,1513
SH9,39.738124,-8.809613,1514
SH9,39.738102,-8.809619,1515
SH9,39.738083,-8.809631,1516
SH9,39.738073,-8.809643,1517
SH9,39.738064,-8.809659,1518
SH9,39.738058,-8.809685,1519
SH9,39.738056,-8.809718,1520
SH9,39.738041,-8.809944,1521
SH9,39.738021,-8.810012,1522
SH9,39.737996,-8.810069,1523
SH9,39.737975,-8.810102,1524
SH9,39.737942,-8.810133,1525
SH9,39.737902,-8.810159,1526
SH9,39.737862,-8.810175,1527
SH9,39.737835,-8.810181,1528
SH9,39.737746,-8.8102,1529
SH9,39.73744,-8.810233,1530
SH9,39.737396,-8.810252,1531
SH9,39.737361,-8.810278,1532
SH9,39.737294,-8.81034,1533
SH9,39.737255,-8.810389,1534
SH9,39.73708,-8.81061,1535
SH9,39.736731,-8.81105,1536
SH9,39.736621,-8.811189,1537
SH9,39.736435,-8.811424,1538
SH9,39.736387,-8.811532,1539
SH9,39.736375,-8.811583,1540
SH9,39.73637,-8.811631,1541
SH9,39.73637,-8.811663,1542
SH9,39.736373,-8.81169,1543
SH9,39.73638,-8.811727,1544
SH9,39.736392,-8.811794,1545
SH9,39.736798,-8.812385,1546
SH9,39.738467,-8.814698,1547
SH9,39.738564,-8.814758,1548
SH9,39.738609,-8.814777,1549
SH9,39.738651,-8.814792,1550
SH9,39.738694,-8.814805,1551
SH9,39.738753,-8.814813,1552
SH9,39.738877,-8.814819,1553
SH9,39.739049,-8.814829,1554
SH9,39.739192,-8.814838,1555
SH9,39.739236,-8.814838,1556
SH9,39.739269,-8.814833,1557
SH9,39.739292,-8.814827,1558
SH9,39.739316,-8.814816,1559
SH9,39.739363,-8.814773,1560
SH9,39.739363,-8.814608,1561
SH9,39.739364,-8.814499,1562
SH9,39.73937,-8.813407,1563
SH9,39.739376,-8.81332,1564
SH9,39.739394,-8.813205,1565
SH9,39.739421,-8.813092,1566
SH9,39.739442,-8.813012,1567
SH9,39.739469,-8.812931,1568
SH9,39.739524,-8.812805,1569
SH9,39.739561,-8.812734,1570
SH9,39.739598,-8.812674,1571
SH9,39.739643,-8.812613,1572
SH9,39.73972,-8.812525,1573
SH9,39.739829,-8.812435,1574
SH9,39.739886,-8.812392,1575
SH9,39.739927,-8.812363,1576
SH9,39.739967,-8.812333,1577
SH9,39.739979,-8.812296,1578
SH9,39.73999,-8.812276,1579
SH9,39.740002,-8.812261,1580
SH9,39.740027,-8.812244,1581
SH9,39.740057,-8.812235,1582
SH9,39.7402,-8.812057,1583
SH9,39.740261,-8.811985,1584
SH9,39.740589,-8.811666,1585
SH9,39.740755,-8.811507,1586
SH9,39.740874,-8.811389,1587
SH9,39.740929,-8.811327,1588
SH9,39.740982,-8.811257,1589
SH9,39.741024,-8.811192,1590
SH9,39.741317,-8.810676,1591
SH9,39.741336,-8.810647,1592
SH9,39.74139,-8.810563,1593
SH9,39.74144,-8.810603,1594
SH9,39.741483,-8.8106,1595
SH9,39.741519,-8.810609,1596
SH9,39.741558,-8.810629,1597
SH9,39.741649,-8.810718,1598
SH9,39.741711,-8.810801,1599
SH9,39.741806,-8.810856,1600
SH9,39.742168,-8.811063,1601
SH9,39.742302,-8.811143,1602
SH9,39.742285,-8.811324,1603
SH9,39.742199,-8.811334,1604
SH9,39.742033,-8.811782,1605
SH9,39.741911,-8.812138,1606
SH9,39.741895,-8.812193,1607
SH9,39.741884,-8.812239,1608
SH9,39.741877,-8.812298,1609
SH9,39.741874,-8.812332,1610
SH9,39.741871,-8.812365,1611
SH9,39.741887,-8.812389,1612
SH9,39.741897,-8.812417,1613
SH9,39.7419,-8.812448,1614
SH9,39.741896,-8.812479,1615
SH9,39.741885,-8.812506,1616
SH9,39.741868,-8.812528,1617
SH9,39.741847,-8.812543,1618
SH9,39.741824,-8.812549,1619
SH9,39.7418,-8.812546,1620
SH9,39.741779,-8.812535,1621
SH9,39.741765,-8.812576,1622
SH9,39.741747,-8.812645,1623
SH9,39.741602,-8.813406,1624
SH9,39.741747,-8.812645,1625
SH9,39.741765,-8.812576,1626
SH9,39.741779,-8.812535,1627
SH9,39.741763,-8.812519,1628
SH9,39.741751,-8.8125,1629
SH9,39.741743,-8.812477,1630
SH9,39.74174,-8.812452,1631
SH9,39.741741,-8.812427,1632
SH9,39.741748,-8.812398,1633
SH9,39.741762,-8.812372,1634
SH9,39.741781,-8.812354,1635
SH9,39.741804,-8.812343,1636
SH9,39.741828,-8.812341,1637
SH9,39.741851,-8.812349,1638
SH9,39.741871,-8.812365,1639
SH9,39.741874,-8.812332,1640
SH9,39.741877,-8.812298,1641
SH9,39.741884,-8.812239,1642
SH9,39.741895,-8.812193,1643
SH9,39.741911,-8.812138,1644
SH9,39.742033,-8.811782,1645
SH9,39.742199,-8.811334,1646
SH9,39.742205,-8.811199,1647
SH9,39.742251,-8.811172,1648
SH9,39.742302,-8.811143,1649
SH9,39.742497,-8.811299,1650
SH9,39.742527,-8.811325,1651
SH9,39.74259,-8.811389,1652
SH9,39.742642,-8.811439,1653
SH9,39.74298,-8.811814,1654
SH9,39.743084,-8.811866,1655
SH9,39.743108,-8.811881,1656
SH9,39.743158,-8.811913,1657
SH9,39.743234,-8.811951,1658
SH9,39.743253,-8.811959,1659
SH9,39.743318,-8.811981,1660
SH9,39.743374,-8.811992,1661
SH9,39.743402,-8.81198,1662
SH9,39.74343,-8.811977,1663
SH9,39.743459,-8.811983,1664
SH9,39.743485,-8.811999,1665
SH9,39.743508,-8.812023,1666
SH9,39.743563,-8.812027,1667
SH9,39.743674,-8.812017,1668
SH9,39.74371,-8.812014,1669
SH9,39.743799,-8.812019,1670
SH9,39.743852,-8.812024,1671
SH9,39.74407,-8.812055,1672
SH9,39.744131,-8.812063,1673
SH9,39.744158,-8.812067,1674
SH9,39.744396,-8.811663,1675
SH9,39.744579,-8.811371,1676
SH9,39.744658,-8.811249,1677
SH9,39.744686,-8.811217,1678
SH9,39.744725,-8.811184,1679
SH9,39.74478,-8.811162,1680
SH9,39.74483,-8.81116,1681
SH9,39.745279,-8.811237,1682
SH9,39.745372,-8.811252,1683
SH9,39.745449,-8.810383,1684
SH9,39.745461,-8.809967,1685
SH9,39.745437,-8.809978,1686
SH9,39.745314,-8.810073,1687
SH9,39.745282,-8.810099,1688
SH9,39.745223,-8.810144,1689
SH9,39.745,-8.810317,1690
SH9,39.744948,-8.810346,1691
SH9,39.744873,-8.810382,1692
SH9,39.744806,-8.810409,1693
SH9,39.744615,-8.810478,1694
SH9,39.744427,-8.81052,1695
SH9,39.744235,-8.810548,1696
SH9,39.744122,-8.810565,1697
SH9,39.744071,-8.810586,1698
SH9,39.743928,-8.810657,1699
SH9,39.743995,-8.81104,1700
SH9,39.743996,-8.811204,1701
SH9,39.74398,-8.811339,1702
SH9,39.743945,-8.81144,1703
SH9,39.743898,-8.811417,1704
SH9,39.7438,-8.811392,1705
SH9,39.743693,-8.811372,1706
SH9,39.743617,-8.811365,1707
SH9,39.743539,-8.811372,1708
SH9,39.743485,-8.811384,1709
SH9,39.743458,-8.811401,1710
SH9,39.743434,-8.811425,1711
SH9,39.743384,-8.811486,1712
SH9,39.74334,-8.811544,1713
SH9,39.743314,-8.811584,1714
SH9,39.74328,-8.811646,1715
SH9,39.743233,-8.811748,1716
SH9,39.743218,-8.811785,1717
SH9,39.743215,-8.811845,1718
SH9,39.74322,-8.811888,1719
SH9,39.743234,-8.811951,1720
SH9,39.743253,-8.811959,1721
SH9,39.743318,-8.811981,1722
SH9,39.743374,-8.811992,1723
SH9,39.743402,-8.81198,1724
SH9,39.74343,-8.811977,1725
SH9,39.743459,-8.811983,1726
SH9,39.743485,-8.811999,1727
SH9,39.743495,-8.812009,1728
SH9,39.743508,-8.812023,1729
SH9,39.743563,-8.812027,1730
SH9,39.743674,-8.812017,1731
SH9,39.74371,-8.812014,1732
SH9,39.743799,-8.812019,1733
SH9,39.743852,-8.812024,1734
SH9,39.74407,-8.812055,1735
SH9,39.744131,-8.812063,1736
SH9,39.744158,-8.812067,1737
SH9,39.744354,-8.812096,1738
SH9,39.744468,-8.812127,1739
SH9,39.744543,-8.812159,1740
SH9,39.744835,-8.812304,1741
SH9,39.744875,-8.812323,1742
SH9,39.744927,-8.812367,1743
SH9,39.745035,-8.812482,1744
SH9,39.745279,-8.812759,1745
SH9,39.745419,-8.812947,1746
SH9,39.74545,-8.813028,1747
SH9,39.745693,-8.813774,1748
SH9,39.745733,-8.813958,1749
SH9,39.745766,-8.814117,1750
SH9,39.745816,-8.814292,1751
SH9,39.745861,-8.814469,1752
SH9,39.745894,-8.81459,1753
SH9,39.746057,-8.81518,1754
SH9,39.746101,-8.815315,1755
SH9,39.746125,-8.815367,1756
SH9,39.746155,-8.815398,1757
SH9,39.74618,-8.815412,1758
SH9,39.746213,-8.81543,1759
SH9,39.74626,-8.81545,1760
SH9,39.746335,-8.815466,1761
SH9,39.74636,-8.81546,1762
SH9,39.746385,-8.815461,1763
SH9,39.74641,-8.815468,1764
SH9,39.746466,-8.815456,1765
SH9,39.746519,-8.815444,1766
SH9,39.746567,-8.815427,1767
SH9,39.746593,-8.815413,1768
SH9,39.746623,-8.815387,1769
SH9,39.74671,-8.815274,1770
SH9,39.746843,-8.815103,1771
SH9,39.746919,-8.815013,1772
SH9,39.747016,-8.814895,1773
SH9,39.747115,-8.814755,1774
SH9,39.747197,-8.814635,1775
SH9,39.747299,-8.814478,1776
SH9,39.747362,-8.814336,1777
SH9,39.747388,-8.814266,1778
SH9,39.74741,-8.81421,1779
SH9,39.747433,-8.81414,1780
SH9,39.747461,-8.814014,1781
SH9,39.747483,-8.813885,1782
SH9,39.747497,-8.813788,1783
SH9,39.747519,-8.813635,1784
SH9,39.747526,-8.813302,1785
SH9,39.747532,-8.812991,1786
SH9,39.747534,-8.812911,1787
SH9,39.747537,-8.812809,1788
SH9,39.747542,-8.812706,1789
SH9,39.747554,-8.812596,1790
SH9,39.747561,-8.812531,1791
SH9,39.747572,-8.812457,1792
SH9,39.747599,-8.812324,1793
SH9,39.747625,-8.812219,1794
SH9,39.747655,-8.812115,1795
SH9,39.747722,-8.811902,1796
SH9,39.747745,-8.811846,1797
SH9,39.747779,-8.811761,1798
SH9,39.74785,-8.811601,1799
SH9,39.748141,-8.811,1800
SH9,39.748376,-8.81044,1801
SH9,39.748498,-8.810104,1802
SH9,39.748707,-8.809528,1803
SH9,39.749034,-8.808642,1804
SH9,39.749133,-8.808374,1805
SH9,39.749162,-8.808289,1806
SH9,39.749181,-8.808219,1807
SH9,39.749201,-8.808073,1808
SH9,39.749223,-8.807854,1809
SH9,39.74923,-8.807727,1810
SH9,39.749237,-8.807601,1811
SH9,39.74923,-8.807544,1812
SH9,39.74923,-8.807486,1813
SH9,39.749145,-8.807326,1814
SH9,39.749042,-8.807092,1815
SH9,39.749017,-8.807022,1816
SH9,39.748933,-8.806775,1817
SH9,39.748633,-8.805902,1818
SH9,39.748578,-8.805746,1819
SH9,39.748539,-8.805637,1820
SH9,39.748502,-8.805549,1821
SH9,39.748463,-8.805479,1822
SH9,39.748423,-8.805418,1823
SH9,39.74838,-8.805372,1824
SH9,39.748332,-8.805332,1825
SH9,39.748288,-8.805306,1826
SH9,39.748236,-8.805293,1827
SH9,39.748182,-8.805284,1828
SH9,39.748127,-8.805279,1829
SH9,39.748045,-8.80528,1830
SH9,39.747959,-8.805285,1831
SH9,39.747656,-8.805293,1832
SH9,39.747577,-8.805295,1833
SH9,39.747442,-8.805295,1834
SH9,39.747134,-8.805297,1835
SH9,39.747063,-8.805299,1836
SH9,39.746999,-8.8053,1837
SH9,39.746983,-8.8053,1838
SH9,39.746917,-8.805305,1839
SH9,39.746866,-8.805312,1840
SH9,39.746798,-8.805335,1841
SH9,39.74671,-8.805367,1842
SH9,39.746584,-8.80542,1843
SH9,39.746474,-8.80547,1844
SH9,39.746028,-8.805714,1845
SH9,39.745678,-8.805919,1846
SH9,39.745691,-8.805959,1847
SH9,39.745717,-8.806012,1848
SH9,39.745806,-8.806142,1849
SH9,39.745896,-8.806244,1850
SH9,39.745902,-8.806252,1851
SH9,39.745904,-8.806261,1852
SH9,39.745904,-8.806272,1853
SH9,39.745903,-8.806282,1854
SH9,39.745834,-8.806615,1855
SH9,39.745738,-8.80706,1856
SH9,39.745714,-8.807238,1857
SH9,39.745409,-8.807054,1858
SH9,39.745334,-8.807003,1859
SH9,39.745269,-8.806947,1860
SH9,39.745245,-8.806912,1861
SH9,39.745228,-8.806877,1862
SH9,39.745221,-8.806852,1863
SH9,39.745221,-8.806827,1864
SH9,39.745227,-8.806805,1865
SH9,39.745242,-8.806792,1866
SH9,39.74532,-8.806777,1867
SH9,39.745351,-8.806771,1868
SH9,39.745476,-8.806736,1869
SH9,39.745497,-8.806722,1870
SH9,39.74552,-8.806688,1871
SH9,39.745578,-8.80658,1872
SH9,39.745616,-8.806509,1873
SH9,39.745806,-8.806142,1874
SH9,39.745717,-8.806012,1875
SH9,39.745691,-8.805959,1876
SH9,39.745678,-8.805919,1877
SH9,39.745618,-8.805959,1878
SH9,39.745569,-8.805991,1879
SH9,39.745546,-8.806006,1880
SH9,39.745479,-8.805988,1881
SH9,39.745437,-8.805972,1882
SH9,39.745408,-8.805954,1883
SH9,39.745383,-8.80593,1884
SH9,39.745346,-8.805885,1885
SH9,39.745334,-8.805827,1886
SH9,39.745329,-8.805773,1887
SH9,39.745325,-8.805725,1888
SH9,39.745333,-8.805665,1889
SH9,39.74535,-8.805614,1890
SH9,39.745375,-8.805571,1891
SH9,39.745407,-8.805527,1892
SH9,39.745763,-8.805133,1893
SH9,39.746183,-8.804682,1894
SH9,39.74623,-8.804635,1895
SH9,39.746389,-8.804531,1896
SH9,39.746512,-8.804466,1897
SH9,39.746656,-8.804396,1898
SH9,39.746755,-8.804366,1899
SH9,39.746856,-8.804338,1900
SH9,39.747145,-8.804254,1901
SH9,39.748057,-8.803988,1902
SH9,39.748179,-8.803955,1903
SH9,39.748281,-8.803948,1904
SH9,39.748439,-8.803937,1905
SH9,39.748659,-8.803944,1906
SH9,39.748712,-8.803943,1907
SH9,39.748802,-8.803942,1908
SH9,39.749023,-8.803945,1909
SH9,39.749085,-8.803943,1910
SH9,39.74912,-8.803974,1911
SH9,39.749145,-8.804015,1912
SH9,39.749157,-8.804044,1913
SH9,39.749165,-8.804076,1914
SH9,39.749166,-8.804124,1915
SH9,39.749162,-8.804171,1916
SH9,39.749155,-8.804216,1917
SH9,39.749146,-8.804259,1918
SH9,39.74921,-8.804429,1919
SH9,39.749311,-8.804471,1920
SH9,39.749585,-8.804622,1921
SH9,39.749653,-8.80467,1922
SH9,39.749706,-8.804728,1923
SH9,39.749747,-8.804786,1924
SH9,39.74979,-8.804873,1925
SH9,39.749815,-8.804949,1926
SH9,39.749826,-8.805033,1927
SH9,39.749833,-8.805111,1928
SH9,39.749828,-8.805219,1929
SH9,39.749734,-8.805793,1930
SH9,39.749712,-8.805927,1931
SH9,39.749574,-8.806914,1932
SH9,39.749676,-8.807201,1933
SH9,39.749707,-8.807289,1934
SH9,39.749737,-8.807345,1935
SH9,39.749758,-8.807408,1936
SH9,39.749771,-8.807485,1937
SH9,39.74977,-8.807565,1938
SH9,39.749755,-8.807642,1939
SH9,39.749727,-8.807713,1940
SH9,39.749688,-8.807774,1941
SH9,39.749661,-8.807804,1942
SH9,39.749618,-8.807837,1943
SH9,39.749572,-8.807859,1944
SH9,39.749523,-8.80787,1945
SH9,39.749473,-8.80787,1946
SH9,39.749433,-8.80786,1947
SH9,39.749385,-8.807889,1948
SH9,39.749345,-8.807933,1949
SH9,39.749303,-8.807994,1950
SH9,39.749238,-8.808117,1951
SH9,39.749181,-8.808219,1952
SH9,39.749108,-8.808176,1953
SH9,39.749051,-8.808146,1954
SH9,39.74881,-8.808115,1955
SH9,39.74867,-8.808108,1956
SH9,39.748445,-8.808068,1957
SH9,39.748252,-8.807928,1958
SH9,39.748212,-8.807909,1959
SH9,39.748178,-8.807912,1960
SH9,39.748143,-8.807932,1961
SH9,39.748119,-8.807958,1962
SH9,39.748097,-8.808033,1963
SH9,39.748086,-8.80809,1964
SH9,39.748075,-8.808246,1965
SH9,39.74809,-8.808441,1966
SH9,39.748125,-8.808673,1967
SH9,39.747928,-8.808439,1968
SH9,39.747778,-8.808189,1969
SH9,39.747772,-8.808167,1970
SH9,39.747739,-8.808042,1971
SH9,39.7477,-8.807898,1972
SH9,39.74748,-8.807857,1973
SH9,39.747279,-8.807819,1974
SH9,39.74727,-8.807742,1975
SH9,39.747258,-8.807709,1976
SH9,39.747238,-8.807679,1977
SH9,39.747211,-8.807662,1978
SH9,39.747187,-8.80766,1979
SH9,39.747133,-8.807675,1980
SH9,39.746999,-8.807726,1981
SH9,39.746893,-8.807748,1982
SH9,39.746857,-8.807758,1983
SH9,39.746673,-8.807757,1984
SH9,39.746638,-8.807747,1985
SH9,39.746606,-8.807739,1986
SH9,39.746535,-8.807735,1987
SH9,39.746518,-8.807746,1988
SH9,39.746508,-8.807773,1989
SH9,39.746442,-8.808275,1990
SH9,39.7464,-8.808428,1991
SH9,39.746395,-8.808449,1992
SH9,39.746354,-8.808618,1993
SH9,39.746343,-8.808653,1994
SH9,39.746079,-8.809078,1995
